,gastos_corrientes,intereses,gastos_capital,gasto_antes,gp_h
2004-01,6056.1,225.0,346.9,6403.0,6178.0
2004-02,6478.6,1025.2,277.5,6756.1,5730.900000000001
2004-03,6535.2,363.5,622.6,7157.8,6794.3
2004-04,5823.9,349.2,507.8,6331.7,5982.5
2004-05,8265.7,553.8,547.1,8812.8,8259.0
2004-06,7962.7,287.1,413.6,8376.3,8089.199999999999
2004-07,7383.7,203.7,460.1,7843.8,7640.1
2004-08,7420.8,1074.1,461.9,7882.7,6808.6
2004-09,7028.6,333.1,477.1,7505.7,7172.599999999999
2004-10,7043.7,247.0,333.1,7376.8,7129.8
2004-11,7746.3,728.1,401.4,8147.7,7419.599999999999
2004-12,9910.7,313.2,943.1,10853.8,10540.599999999999
2005-01,7125.7,187.3,687.9,7813.6,7626.3
2005-02,7887.0,1206.2,630.0,8517.0,7310.8
2005-03,7293.4,344.2,761.7,8055.1,7710.900000000001
2005-04,7579.7,344.7,610.8,8190.5,7845.8
2005-05,11226.3,2658.3,789.1,12015.4,9357.099999999999
2005-06,9878.6,1035.7,911.6,10790.2,9754.5
2005-07,8174.4,157.4,792.3,8966.7,8809.300000000001
2005-08,9634.2,1464.6,781.8,10416.0,8951.4
2005-09,8893.7,707.0,828.2,9721.9,9014.9
2005-10,8824.1,443.8,972.4,9796.5,9352.7
2005-11,8835.8,709.7,980.4,9816.2,9106.5
2005-12,11651.1,984.2,1258.0,12909.1,11924.9
2006-01,9042.2,267.6,1186.4,10228.6,9961.0
2006-02,9899.61,1695.0,1044.5,10944.11,9249.11
2006-03,9201.2,722.1,1352.2,10553.4,9831.3
2006-04,8513.1,441.9,1551.8,10064.9,9623.0
2006-05,10175.2,344.1,1145.1,11320.3,10976.199999999999
2006-06,12477.3,1089.5,1012.9,13490.2,12400.7
2006-07,10533.1,263.8,1088.6,11621.7,11357.900000000001
2006-08,12333.2,2298.7,1400.0,13733.2,11434.5
2006-09,10494.7,776.1,1401.3,11896.0,11119.9
2006-10,11151.6,713.3,1676.9,12828.5,12115.2
2006-11,11101.8,280.7,1716.3,12818.1,12537.4
2006-12,15515.4,2649.0,1883.7,17399.1,14750.099999999999
2007-01,9469.7,868.5,1565.3,11035.0,10166.5
2007-02,9557.8,1880.7,1234.3,10792.1,8911.4
2007-03,9427.2,1190.4,1665.7,11092.9,9902.5
2007-04,8863.9,980.8,1464.0,10327.9,9347.1
2007-05,9148.02,387.8,1266.9,10414.92,10027.12
2007-06,11945.6,1201.6,1721.9,13667.5,12465.9
2007-07,11886.6,1056.2,2288.0,14174.6,13118.4
2007-08,11966.4,1826.3,1380.0,13346.4,11520.1
2007-10,12308.7,1485.3,1655.0,13963.7,12478.400000000001
2007-11,11168.7,387.5,1635.9,12804.6,12417.1
2007-12,17696.7,4042.5,2405.4,20102.1,16059.599999999999
2008-01,12700.6,971.8,2094.3,14794.9,13823.1
2008-02,12292.6,1629.1,1797.4,14090.0,12460.9
2008-03,12672.1,1424.4,1492.2,14164.3,12739.9
2008-04,13415.1,1178.8,1933.4,15348.5,14169.7
2008-05,12914.1,329.2,1458.8,14372.9,14043.699999999999
2008-06,15945.0,1390.8,1752.5,17697.5,16306.7
2008-07,15650.1,779.9,1803.8,17453.9,16674.0
2008-08,14380.3,1075.6,1858.3,16238.6,15163.0
2008-09,15256.0,1323.8,2002.9,17258.9,15935.100000000002
2008-10,16663.0,1528.4,2228.3,18891.3,17362.899999999998
2008-11,14079.1,346.5,1749.8,15828.9,15482.4
2008-12,24935.2,5895.6,3404.7,28339.9,22444.300000000003
2009-01,15343.8,957.0,2973.7,18317.5,17360.5
2009-02,14762.2,965.2,2301.6,17063.8,16098.599999999999
2009-03,16181.92,1628.9,1932.5,18114.42,16485.519999999997
2009-04,17104.1,2559.1,2947.5,20051.6,17492.5
2009-05,15614.7,246.0,3351.6,18966.3,18720.3
2009-06,22004.3,2549.9,3721.3,25725.6,23175.699999999997
2009-07,20145.2,1336.7,2742.7,22887.9,21551.2
2009-08,17585.7,784.5,2531.9,20117.6,19333.1
2009-09,19576.3,2403.8,3325.6,22901.9,20498.100000000002
2009-10,19987.0,2541.9,2963.6,22950.6,20408.699999999997
2009-11,19025.3,477.0,2706.9,21732.2,21255.2
2009-12,34019.3,7966.7,4496.6,38515.9,30549.2
2010-01,19785.9,599.8,2518.6,22304.5,21704.7
2010-02,20465.2,1517.7,2903.2,23368.4,21850.7
2010-03,22050.0,2422.4,3157.2,25207.2,22784.8
2010-04,22110.1,2900.4,3404.7,25514.8,22614.399999999998
2010-05,21763.5,441.8,3915.1,25678.6,25236.8
2010-06,27606.5,3009.6,3775.8,31382.3,28372.7
2010-07,26174.5,1238.7,3850.7,30025.2,28786.5
2010-08,22336.2,447.1,3526.6,25862.8,25415.7
2010-09,27493.1,3300.8,4250.0,31743.1,28442.3
2010-10,26084.3,2279.2,4804.8,30889.1,28609.899999999998
2010-11,28222.7,1190.7,4642.6,32865.3,31674.600000000002
2010-12,37688.8,2699.0,4890.8,42579.6,39880.6
2011-01,28112.8,2017.1,3759.1,31871.9,29854.800000000003
2011-02,24754.7,565.9,2963.9,27718.6,27152.699999999997
2011-03,28845.9,2611.1,3856.2,32702.1,30091.0
2011-04,29255.9,2384.7,3507.0,32762.9,30378.2
2011-05,30672.1,1242.1,4515.5,35187.6,33945.5
2011-06,38795.4,4241.6,4019.1,42814.5,38572.9
2011-07,33457.7,583.7,6074.0,39531.7,38948.0
2011-08,31778.6,1445.6,5601.7,37380.3,35934.700000000004
2011-09,36126.3,2351.0,5944.2,42070.5,39719.5
2011-10,37634.3,3423.0,5635.2,43269.5,39846.5
2011-11,33141.6,476.3,3476.4,36618.0,36141.7
2011-12,59424.0,14241.4,4154.5,63578.5,49337.1
2012-01,38627.5,3437.5,4899.2,43526.7,40089.2
2012-02,31661.0,602.9,4213.0,35874.0,35271.1
2012-03,39847.7,3240.9,5090.5,44938.2,41697.299999999996
2012-04,37650.5,2924.7,4846.8,42497.3,39572.600000000006
2012-05,40445.9,2281.5,5042.5,45488.4,43206.9
2012-06,49844.5,3040.4,4584.1,54428.6,51388.2
2012-07,46778.9,3413.0,5262.9,52041.8,48628.8
2012-08,41792.33,759.6,5077.1,46869.43,46109.83
2012-09,44304.3,3124.5,5825.0,50129.3,47004.8
2012-10,48832.3,4711.1,5414.3,54246.6,49535.5
2012-11,44975.0,1550.6,5165.8,50140.8,48590.200000000004
2012-12,79421.4,22103.1,6362.8,85784.2,63681.1
2013-01,46540.8,2398.2,6144.6,52685.4,50287.200000000004
2013-02,43371.3,730.3,5549.5,48920.8,48190.5
2013-03,49557.3,4014.0,5640.2,55197.5,51183.5
2013-04,51716.1,4511.6,7075.1,58791.2,54279.6
2013-05,51283.1,2327.5,8306.0,59589.1,57261.6
2013-06,61597.0,4534.8,6862.9,68459.9,63925.09999999999
2013-07,62286.1,3528.6,7601.6,69887.7,66359.09999999999
2013-08,55293.4,1663.0,7853.7,63147.1,61484.1
2013-09,64772.8,5254.6,8933.7,73706.5,68451.9
2013-10,63274.0,4521.6,10192.3,73466.3,68944.7
2013-11,61337.5,2790.7,7692.0,69029.5,66238.8
2013-12,80615.3,5723.5,8895.4,89510.7,83787.2
2014-01,68050.4,3850.6,8329.3,76379.7,72529.09999999999
2014-02,63340.4,2134.5,7295.3,70635.7,68501.2
2014-03,70261.5,7935.7,7115.2,77376.7,69441.0
2014-04,72626.1,4948.3,11077.2,83703.3,78755.0
2014-05,74650.0,4234.6,9488.9,84138.9,79904.29999999999
2014-06,105530.39,16389.8,10879.4,116409.79,100019.98999999999
2014-07,82290.9,1944.8,13196.9,95487.8,93543.0
2014-08,80818.7,2745.9,13448.5,94267.2,91521.3
2014-09,92766.1,9026.4,13080.2,105846.3,96819.90000000001
2014-10,89438.4,5604.5,15281.3,104719.7,99115.2
2014-11,85068.5,3782.0,10598.9,95667.4,91885.4
2014-12,116829.8,8560.9,11476.7,128306.5,119745.6
2015-01,94909.9,8648.3,12312.1,107222.0,98573.7
2015-02,86099.9,1261.7,10410.0,96509.9,95248.2
2015-03,93302.5,5711.0,12476.4,105778.9,100067.9
2015-04,102026.9,5511.6,17660.3,119687.2,114175.59999999999
2015-05,103809.8,9120.5,12606.5,116416.3,107295.8
2015-06,131187.0,11208.7,18253.5,149440.5,138231.8
2015-07,116073.9,905.1,13900.9,129974.8,129069.7
2015-08,106833.5,2359.6,14514.3,121347.8,118988.2
2015-09,116346.6,8159.5,15270.0,131616.6,123457.1
2015-10,117832.3,5253.8,12825.5,130657.8,125404.0
2015-11,111889.9,4895.2,12622.9,124512.8,119617.6
2015-12,165956.3,16131.2,8035.0,173991.3,157860.09999999998
2016-01,108964.5,2937.8,14853.1,123817.6,120879.8
2016-02,111485.5,3894.3,9728.4,121213.9,117319.59999999999
2016-03,137827.1,11820.1,12836.9,150664.0,138843.9
2016-04,123269.7,6181.4,11953.1,135222.8,129041.4
2016-05,145204.4,12019.4,15813.6,161018.0,148998.6
2016-06,187577.0,28579.3,15059.7,202636.7,174057.40000000002
2016-07,159341.8,3217.9,12515.9,171857.7,168639.80000000002
2016-08,148874.3,3359.9,19008.7,167883.0,164523.1
2016-09,166874.0,11978.5,13888.4,180762.4,168783.9
2016-10,182434.0,15632.1,23139.7,205573.7,189941.6
2016-11,154664.5,6558.4,10978.4,165642.9,159084.5
2016-12,295532.3,25080.9,22269.3,317801.6,292720.69999999995
2017-01,158862.9,9143.1,16949.0,175811.9,166668.8
2017-02,150532.7,3253.0,15955.8,166488.5,163235.5
2017-03,177533.9,16897.3,18488.1,196022.0,179124.7
2017-04,188592.3,30348.3,19976.4,208568.7,178220.40000000002
2017-05,182679.3,16805.8,18302.4,200981.7,184175.90000000002
2017-06,238386.9,34813.4,15114.9,253501.8,218688.4
2017-07,197085.7,10631.3,20772.4,217858.1,207226.80000000002
2017-08,180643.5,6894.6,19387.4,200030.9,193136.3
2017-09,200458.8,19823.5,17419.9,217878.7,198055.2
2017-10,213965.4,29436.8,16720.4,230685.8,201249.0
2017-11,206579.7,16359.5,12111.7,218691.4,202331.9
2017-12,323876.9,30500.6,16735.6,340612.5,310111.9
2018-01,218870.7,29818.0,10148.9,229019.6,199201.6
2018-02,187142.4,7510.1,13561.2,200703.6,193193.5
2018-03,218046.6,23194.0,15791.6,233838.2,210644.2
2018-04,221365.0,33116.7,15057.4,236422.4,203305.7
2018-05,220375.7,19521.4,16378.3,236754.0,217232.6
2018-06,296456.5,32202.1,12992.7,309449.2,277247.10000000003
2018-07,278212.8,48100.2,16785.9,294998.7,246898.5
2018-08,217665.2,4160.9,19785.8,237451.0,233290.1
2018-09,262937.0,33003.9,20598.8,283535.8,250531.9
2018-10,300344.3,61740.7,23761.6,324105.9,262365.2
2018-11,288436.1,39114.0,18237.6,306673.7,267559.7
2018-12,408338.4,57458.0,27196.4,435534.8,378076.8
2019-01,323961.1,76695.5,17729.8,341690.9,264995.4
2019-02,246083.0,11632.3,15412.3,261495.3,249863.0
2019-03,294070.7,36801.4,17051.2,311121.9,274320.5
2019-04,327240.5,66571.4,16259.5,343500.0,276928.6
2019-05,339257.3,64607.99999999999,19725.0,358982.3,294374.3
2019-06,420208.6,61114.1,21122.1,441330.7,380216.60000000003
2019-07,432553.8,82159.8,21179.8,453733.6,371573.8
2019-08,337224.2,28544.1,23996.9,361221.1,332677.0
2019-09,379932.1,50855.8,27983.8,407915.9,357060.10000000003
2019-10,399786.9,72774.1,19157.4,418944.3,346170.19999999995
2019-11,423578.4,67269.2,18990.8,442569.2,375300.0
2019-12,596222.1,105259.6,17753.1,613975.2,508715.6
2020-01,474561.9,87052.1,11481.0,486042.9,398990.80000000005
2020-02,405335.6,40080.6,13156.9,418492.5,378411.9
2020-03,491223.1,41577.3,16600.3,507823.4,466246.10000000003
2020-04,558653.7000000001,37227.9,23644.500000000004,582298.2,545070.2999999999
2020-05,610948.44,56932.100000000006,25391.2,636339.64,579407.54
2020-06,675804.3,34859.0,15659.9,691464.2,656605.2
2020-07,598263.7,33565.6,27032.300000000003,625296.0,591730.4
2020-08,557544.6000000001,56052.599999999984,20540.6,578085.2000000001,522032.6000000001
2020-09,623362.6,44838.7,34282.2,657644.8,612806.1000000001
2020-10,547856.2999999999,31069.300000000003,19165.7,567022.0,535952.7
2020-11,568565.5,68336.50000000001,26915.5,595481.0,527144.5
2020-12,742538.9,11281.5,45756.2,788295.1,777013.6
2021-01,575134.0,27103.9,33656.9,608790.9,581687.0
2021-02,555350.6,45559.30000000001,32863.0,588213.5999999999,542654.2999999998
2021-03,637397.6000000001,42594.99999999999,40239.3,677636.9000000001,635041.9000000001
2021-04,619424.3,45587.3,47789.9,667214.2000000001,621626.9
2021-05,731130.3,90331.9,44792.8,775923.1000000001,685591.2000000001
2021-06,926002.2,54730.00000000001,48625.100000000006,974627.2999999998,919897.2999999998
2021-07,868982.5,64585.4,51789.59999999999,920772.1,856186.7
2021-08,883210.4999999999,68557.7,45895.1,929105.6,860547.9
2021-09,871927.1,54177.90000000001,55491.8,927418.9,873241.0
2021-10,978731.1,67925.49999999999,69809.8,1048540.9,980615.4
2021-11,962218.1,107436.30000000002,72957.50000000001,1035175.6,927739.2999999999
2021-12,1284056.1999999995,15650.9,107146.8,1391202.9999999998,1375552.0999999999
2022-01,984594.0,133965.8,61650.4,1046244.4,912278.6000000001
2022-02,931989.0,60615.3,50940.49999999999,982929.5,922314.2
2022-03,1178239.2,72276.0,68503.70000000001,1246742.9,1174466.9
2022-04,1143149.0,67129.8,88747.4,1231896.4,1164766.5999999999
2022-05,1288341.3000000005,80020.79999999999,82721.5,1371062.8,1291042.0
2022-06,1494530.1,74933.00000000001,103935.3,1598465.4,1523532.4
2022-07,1429435.9999999998,129717.5,87152.29999999999,1516588.2999999998,1386870.7999999998
2022-08,1469982.2999999998,160052.59999999998,178304.7,1648286.9999999998,1488234.4
2022-09,1496463.2000000002,85068.4,150801.09999999998,1647264.3000000005,1562195.9000000006
2022-10,1548119.2999999998,82202.3,137789.9,1685909.1999999995,1603706.8999999994
2022-11,1798108.5,303438.80000000005,155661.0,1953769.5,1650330.7
2022-12,2207015.5,243588.9,166204.1,2373219.6,2129630.7
2023-01,2106081.5000000005,334031.4,155092.7,2261174.2,1927142.8000000003
2023-02,1879443.5,257456.9,176538.5,2055982.0,1798525.1
2023-03,1946132.5,130150.3,168649.3,2114781.8,1984631.4999999998
2023-04,2096709.9,76015.2,176998.69999999998,2273708.6,2197693.4
2023-05,2700677.2,383420.9,241966.19999999995,2942643.4000000004,2559222.5000000005
2023-06,3038709.3,96860.89999999997,254098.20000000004,3292807.4999999995,3195946.5999999996
2023-07,3193254.4000000004,419877.2,262704.8,3455959.2,3036082.0
2023-08,3137139.8,347540.1,265756.1,3402895.9000000004,3055355.8000000003
2023-09,3344062.6,131059.30000000005,377367.70000000007,3721430.3,3590371.0
2023-10,3650134.2,123910.7,298735.7,3948869.9,3824959.1999999997
2023-11,4258197.0,544472.0,382719.9,4640916.9,4096444.9000000004
2023-12,6317749.7,409036.7999999999,309726.1,6627475.800000001,6218439.000000001
2024-01,5551719.699999999,1492337.9,77104.70000000001,5628824.399999999,4136486.4999999995
2024-02,5116966.002248,894412.1,80579.1,5197545.102248,4303133.002248
2024-03,5757141.5,348395.9,87848.9,5844990.399999999,5496594.499999999
2024-04,6623944.1,247542.8,150851.6,6774795.7,6527252.9
2024-05,7819390.0,1148634.4,201163.7,8020553.699999999,6871919.299999999
2024-06,7702708.399999999,250380.0,241596.30000000005,7944304.7,7693924.7
2024-07,9734926.8,1509209.7999999998,199778.4,9934705.2,8425495.399999999
2024-08,8492016.7,896129.4999999999,252919.7,8744936.4,7848806.9
2024-09,8334570.6,349816.4,313013.7,8647584.3,8297767.9
2024-10,8577922.299999999,223522.5,256993.3,8834915.6,8611393.1
2024-11,9003993.5,1024383.2,248143.4,9252136.9,8227753.7
2024-12,11169204.3,256259.5,259221.9,11428426.2,11172166.7
2025-01,10331070.3,1835112.1,169668.3,10500738.6,8665626.5
2025-02,9217687.4,866189.1,204354.4,9422041.8,8555852.700000001
2025-03,8882477.4,346430.2,195234.4,9077711.8,8731281.600000001
2025-04,9585709.9,273608.1,188467.5,9774177.4,9500569.3
2025-05,10521156.8,1034794.5,190850.5,10712007.3,9677212.8
2025-06,10795777.0,239298.69999999995,236211.7,11031988.699999996,10792689.999999996
2025-07,13077183.1,1917900.7,197206.2,13274389.3,11356488.600000001
2025-08,10763478.1,1166563.5000000002,212289.4,10975767.500000002,9809204.000000002
2025-09,10841426.5,387341.7,483571.30000000016,11324997.800000004,10937656.100000005
2025-10,11173272.6,306253.10000000003,296248.8,11469521.400000002,11163268.300000003
2025-11,10582735.7,1528055.6,219960.8,10802696.5,9274640.9
2025-12,14894861.7,413852.3000000001,464310.9,15359172.6,14945320.299999999
2026-01,13268225.6,2020578.3,143873.0,13412098.6,11391520.299999999
2026-02,11429489.2,1266218.4,219101.0,11648590.2,10382371.799999999
2026-03,11160144.2,445495.0,196433.6,11356577.8,10911082.8
2026-04,12723023.3,364741.20000000007,420661.1,13143684.4,12778943.200000001
2026-05,13869524.9,1445753.7000000002,183519.0,14053043.9,12607290.2
2026-06,14961294.5,328048.49999999994,224452.5,15185747.0,14857698.5
2026-07,16566526.1,2715435.6,280950.5,16847476.6,14132041.000000002
