periodo,ganancias,ganancias dgi,ganancias dga,iva,iva dgi,devoluciones (-),iva dga,reintegros (-),internos coparticipados,otros coparticipados,derechos de exportacion,bienes personales,creditos y debitos en cta. cte,otros impuestos (3),aportes personales,contribuciones patronales,otros ingresos seguridad social (4),subtotal dgi,subtotal dga (5),total dgi-dga,sistema seguridad social,total recursos tributarios,clasificacion presupuestaria,administracion nacional
2004-01,1281.22924298,1227.02086263,54.20838035,2489.72231287,1869.29355086,216.76003784,837.18879985,100.0,242.91350496,18.80740343,639.69196986,29.91987938,606.89552648,78.69361844,628.15643591,989.73374613,33.12585983,4110.24556545,1799.91110372,5910.15666917,1249.82973372,7159.98640289,7159.98640289,3990.82972226405
2004-02,1058.75255258,1008.12209518,50.6304574,2153.59351057,1575.540873,196.65620829,774.70884586,100.01090735,227.99713661,12.5580731,625.57329566,110.61207303,514.42412528,57.2065964,477.16750381,760.51367285,28.9815358,3731.2448293,1666.56528692,5397.81011622,962.4917848,6360.30190102,6360.30190102,3614.65032053253
2004-03,1039.24298539,976.3712457,62.87173969,2301.88623394,1524.34061195,186.77650756,964.32212955,100.01285234,247.98813922,16.086900595,700.69689456,23.37094643,607.25490565,83.698935565,482.59091555,691.48015531,32.87454875,3729.24439973,1986.44692464,5715.69132437,897.13087909,6612.82220346,6612.82220346,3899.06435642663
2004-04,1175.56518146,1117.94723559,57.61794587,2298.45298281,1576.27871025,194.34139849,916.51567105,130.0,201.9253623,14.891536,1031.3109613,74.05717485,571.80479723,60.22028998,500.05681191,693.99552655,32.01486218,3857.26267259,2268.15742968,6125.42010227,922.50972827,7047.92983054,7047.92983054,4235.42330266148
2004-05,5432.47773476,5365.85699948,66.62073528,2472.16357478,1578.03292206,195.08432751,1089.21498023,100.0,239.46812445,18.556956525,1081.61583242,680.82509431,670.13762697,93.145081615,513.95509991,781.45301676,31.11279731,8911.25569662,2524.68820011,11435.94389673,931.84759093,12367.79148766,12367.79148766,7727.77077765519
2004-06,2912.93049575,2830.80419297,82.12630278,2899.4439408,1766.85123487,95.15018846,1227.74289439,120.01285234,231.6942423,15.93948064,858.15551894,213.59723756,652.07378002,58.19706422,481.94991613,747.08829545,13.68607266,6057.45543894,2470.92317166,8528.3786106,941.49193065,9469.87054125,9469.87054125,5733.00467397552
2004-07,1638.76115091,1553.59647101,85.1646799,2818.15880534,1717.7804348,88.34710619,1188.72547673,155.0,232.43389558,16.60980422,990.05164189,101.48497897,673.02197815,191.22892165,692.5459344,1125.37142434,63.69405432,4727.83259429,2566.70397763,7294.53657192,1409.78933583,8704.32590775,8704.32590775,5002.69149278641
2004-08,1737.78672499,1648.11303319,89.6736918,2866.46987814,1796.64499883,132.45520654,1202.28008585,165.0,260.50920819,17.696183665,886.05102091,127.75675596,652.38056314,249.470178935,502.55252882,782.67124831,42.91956397,4976.65787786,2495.46770304,7472.1255809,997.34228647,8469.46786737,8469.46786737,5110.35867590143
2004-09,1499.71259591,1417.46772664,82.24486927,2758.96338263,1757.9054403,151.22438875,1152.28233108,99.98714766,261.04064124,20.242310695,880.79884401,30.71720354,665.08322409,-51.973717185,530.97988191,866.97243245,151.65802207,4346.54129976,2431.84520631,6778.38650607,1197.29995053,7975.6864566,7975.6864566,4558.14771515283
2004-10,1692.37122291,1613.05305282,79.31817009,2569.65520493,1660.19958858,199.29005709,1108.74567344,120.0,267.77000219,16.527063285,894.13228055,127.22312696,644.28932763,102.660053755,519.18712753,813.12865884,57.58707479,4612.52684642,2378.31456966,6990.84141608,1061.23442386,8052.07583994,8052.07583994,4748.84193326494
2004-11,1736.1250075,1645.37303153,90.75197597,2686.20149324,1671.53893939,265.85940726,1280.52196111,249.94778978,285.78409584,16.755813095,816.9327423,24.89579493,686.65630197,145.287094555,516.37107187,820.54395647,47.20561338,4509.57994169,2538.54024036,7048.12018205,1054.57397476,8102.69415681,8102.69415681,4825.08052714253
2004-12,1084.13920636,998.19127718,85.94792918,2662.2378037,1773.37614805,348.30232075,1237.1639764,124.0,328.69157301,17.89283666,866.96872193,116.51324987,737.84030406,165.93049777,529.52897972,819.37605023,48.98712795,4425.02122366,2522.67649154,6947.6977152,1045.23928454,7992.93699974,7992.93699974,4716.81977171117
2005-01,1728.46221934,1650.28638354,78.1758358,2970.00502417,2103.40154949,217.50912912,1084.1126038,120.0,299.38130715,22.251186105,829.73940958,25.16919437,688.388828,143.938505775,764.23830681,1204.50288723,49.87883303,4975.17961781,2270.90806238,7246.08768019,1556.38711588,8802.47479607,8802.47479607,4955.36703930044
2005-02,1855.68324049,1782.96053314,72.72270735,2545.13612627,1686.59732634,197.32393395,1055.86273388,120.0,281.39008007,13.066646535,768.89994988,108.40773659,648.08037741,37.673016495,576.04678419,924.34509157,113.69597549,4844.34201463,2168.75457677,7013.0965914,1237.17892884,8250.27552024,8250.27552024,4756.00109500395
2005-03,1732.77174173,1647.96928268,84.80245905,2736.39153225,1728.21095838,191.18154432,1199.36211819,130.0,280.54150819,14.14285417,970.38832692,25.160817,723.8839046,132.76249938,559.16947947,814.9002209,53.59342087,4739.46120109,2555.00655984,7294.46776093,1063.03712548,8357.50488641,8357.50488641,5039.5707692209
2005-04,1956.22144784,1873.03188659,83.18956125,3000.85130365,1945.64980434,230.29147292,1285.49297223,160.0,323.66357713,20.115080345,1220.03512025,86.51818928,750.8230997,112.622911095,574.95024246,858.36977156,54.78157507,5261.35956706,2903.0743635,8164.43393056,1117.8470486,9282.28097916,9282.28097916,5635.96996155583
2005-05,3709.07696299,3619.92139885,89.15556414,3172.80409197,1951.54978411,197.86645589,1419.12076375,130.0,281.59086815,17.73876101,1235.58216822,730.0725335,773.12975778,137.92484377,589.86726991,930.43112069,57.649868,7756.44564239,3093.44273036,10849.88837275,1195.74610825,12045.634481,12045.634481,7349.94225523245
2005-06,3605.11045414,3508.42654629,96.68390785,3003.9702861,1832.26071498,296.94981627,1468.65938739,180.0,296.7317556,18.319187335,1103.22181702,238.71884648,806.63341556,127.216190725,614.0484327,944.22875856,52.65527413,6819.40307026,3020.14900321,9839.55207347,1214.63725552,11054.18932899,11054.18932899,6807.8272600311
2005-07,2081.22738024,1987.80150732,93.42587292,3013.71424193,1888.2373616,196.70365914,1322.18053947,160.0,287.25735045,19.18422817,1129.48254181,111.21495516,799.18557825,116.87139759,841.37289066,1371.72063638,54.19443337,5395.44138697,2885.34891881,8280.79030578,1730.81971417,10011.61001995,10011.61001995,5688.45365544117
2005-08,2193.75649607,2085.81099737,107.9454987,3288.04919154,1995.96729539,199.11454338,1491.19643953,160.0,303.58609528,17.48060077,1248.91177893,147.54713621,808.69629097,132.87559514,646.94374498,1052.34784886,68.28613788,5669.27161807,3238.6736175,8907.94523557,1350.26091941,10258.20615498,10258.20615498,6165.41278434463
2005-09,2075.1137508,1971.11180562,104.00194518,3404.99854417,2215.35698301,197.80875391,1387.45031507,160.0,314.26685438,21.06462358,965.53331608,33.16808778,814.94693683,121.01940535,664.96433635,1067.84152255,55.24351704,5682.65820893,2855.23039446,8537.88860339,1348.98397607,9886.87257946,9886.87257946,5821.15294257325
2005-10,2230.16528682,2120.33146149,109.83382533,3048.22079827,1929.60754974,280.00479878,1398.61804731,190.0,307.30079285,19.501091135,1011.47357587,135.48526546,794.44040008,112.038439525,706.93229679,1168.81082773,56.88562048,5553.7649004,2913.28311231,8467.04801271,1423.51491699,9890.5629297,9890.5629297,5815.94112898578
2005-11,2260.01730835,2148.39854072,111.61876763,3244.61256108,2057.25145733,346.93494566,1534.29604941,200.0,335.05712693,23.550218445,845.66822136,33.03792326,854.45701448,142.180984315,726.32350543,1190.18348659,56.3047751,5602.51443413,2939.00736557,8541.5217997,1571.27692405,10112.79872375,10112.79872375,5832.38838409082
2005-12,2617.79276373,2506.25652641,111.53623732,3424.37519527,2208.51387312,250.1275093,1465.98883145,175.0,346.67646846,21.02137041,993.58643622,138.22643828,971.62561324,152.61986324,738.8683268,1219.438964,56.70057114,6772.81933723,3009.3885758,9782.20791303,1517.79347954,11300.00139257,11300.00139257,6636.42825578617
2006-01,2407.27458871,2299.7392027,107.53538601,3624.13363459,2431.90563661,249.75949951,1441.98749749,185.0,372.47990263,21.98322648,966.98625562,25.09217138,892.49134203,170.70332038,1010.03333653,1754.13869932,56.31432579,6075.71941868,2930.53865912,9006.2580778,2158.50188692,11164.75996472,11164.75996472,6206.9119700181
2006-02,2301.29060209,2206.19730613,95.09329596,3325.1104759,2143.69946718,199.77180039,1381.18280911,160.0,322.99373668,21.251438865,880.44324891,125.2680441,792.30524963,189.182604195,773.95630795,1330.89555085,72.59320572,6040.92724777,2737.18812609,8778.11537386,1703.18807129,10481.30344515,10481.30344515,5983.57819228027
2006-03,1987.43417347,1875.36971771,112.06445576,3552.5446296,2187.40990923,249.94539176,1615.08011213,180.0,309.81892509,19.05552197,1021.96649198,30.22979196,910.56771343,190.07396911,780.12205799,1302.70386022,62.83564051,5619.17688314,3183.98659639,8803.16347953,1637.28175152,10440.44523105,10440.44523105,6072.79754972884
2006-04,1384.79702801,1281.50525275,103.29177526,3588.26501612,2350.84071966,250.85881791,1488.28311437,160.0,355.59766564,19.228333035,1092.42274903,41.86943533,840.51704105,184.050992315,789.29380991,1320.68931864,57.96010529,5263.9027266,3094.26508388,8358.16781048,1654.61228582,10012.7800963,10012.7800963,5731.57250779852
2006-05,4221.97291272,4107.84615903,114.12675369,3769.53279508,2328.38400831,249.49395343,1690.6427402,160.0,310.36825102,18.412430235,1275.30788061,893.15733358,1015.10020023,184.196509665,827.74077005,1381.85064701,64.56717484,9049.24127923,3552.77698878,12602.01826801,1756.02990085,14358.04816886,14358.04816886,8538.75363089161
2006-06,4472.99518096,4352.21427256,120.7809084,3795.65042954,2357.73810771,248.73540952,1686.64773135,160.0,337.30689276,22.19025962,1080.67057759,260.08168374,1020.7658088,101.16140143,832.15418555,1371.12537391,169.47254169,8641.22762961,3349.20421973,11990.43184934,1842.00470101,13832.43655035,13832.43655035,8146.20138264766
2006-07,2624.55372197,2501.05175591,123.50196606,3782.58012843,2365.63005449,249.9666235,1666.91669744,160.0,329.27472569,22.82834689,1241.80637347,138.81612786,987.21422154,65.63675497,1161.65015054,1977.47434956,197.86755113,6619.92735584,3486.44001834,10106.36737418,2582.60848733,12688.97586151,12688.97586151,6938.9097456647
2006-08,2862.72404425,2723.1998189,139.52422535,4176.43408954,2596.42109638,299.40416426,1879.41715742,160.0,329.19277354,24.444995085,1379.71218603,169.26375015,1004.90202756,189.449862875,890.31977317,1492.63596521,109.56972183,7202.94219431,3900.2376212,11103.17981551,1909.66885473,13012.84867024,13012.84867024,7670.72549338143
2006-09,2560.64858559,2423.39840004,137.25018555,4181.49805387,2565.61661432,269.74399566,1885.62543521,160.0,334.54730473,22.749074835,1612.83557131,41.73700971,937.23696674,164.945743625,888.22120577,1501.63953175,126.01924448,6666.4626819,4144.85440507,10811.31708697,1941.86319717,12753.18028414,12753.18028414,7541.16647200438
2006-10,2761.29566935,2617.82720808,143.46846127,4352.41560873,2651.75049396,245.29851591,1945.96363068,160.0,347.61215031,23.369276755,1448.68427437,158.12559654,956.98792041,201.953028385,910.03767223,1544.64132733,271.94764671,7155.50084361,4069.23277348,11224.73361709,2135.81412244,13360.54773953,13360.54773953,7748.57142618066
2006-11,3163.37235202,3010.62296784,152.74938418,4292.14596029,2727.92737899,400.17421044,1964.39279174,160.0,372.12491155,30.07518155,1441.44826981,34.87226108,1124.04762071,160.44437179,924.47643846,1571.32917456,221.17728477,7538.69364443,4102.79554145,11641.48918588,2143.58954835,13785.07873423,13785.07873423,8079.50799539169
2006-12,2866.73321745,2727.91735162,138.81586583,4663.9981721,3367.77559958,350.02737991,1646.24995243,160.0,370.49400513,44.656842835,1269.37573626,158.18362061,1203.5488175,207.769809695,942.80696442,1604.53135106,246.10118116,8449.15129946,3531.51720109,11980.66850055,2137.66111264,14118.32961319,14118.32961319,8114.49152837138
2007-01,3001.09186049,2851.55405297,149.53780752,4623.18641457,3246.65837959,449.38629184,1825.91432682,160.0,403.52504914,44.539359895,1249.21993371,40.33699086,1062.07031549,209.157996505,1336.9694653,2368.14645004,305.37584077,7598.61885484,3752.47240548,11351.09126032,3184.18949976,14535.28076008,14535.28076008,7821.50547304869
2007-02,2684.78627089,2557.70651776,127.07975313,4269.28501661,2912.55353039,349.81194273,1706.54342895,160.0,380.61987781,31.51757063,1047.27669947,150.74957935,1127.60943334,126.19049262,1032.07292289,1816.38396551,340.32554825,7471.23902123,3374.92403865,10846.16305988,2510.22457351,13356.38763339,13356.38763339,6726.00466306575
2007-03,2540.70587657,2383.65799045,157.04788612,4504.52475382,2867.96660996,400.60435773,2037.16250159,200.0,344.89853038,35.63893631,1471.43348877,36.83617768,1024.81525774,90.6629715800001,1017.58341375,1728.09659142,487.54712261,6751.13967024,4271.18807231,11022.32774255,2921.60697862,13943.93472117,13943.93472117,7042.17144824847
2007-04,2131.88183567,1993.81787408,138.06396159,4368.83212948,2930.27256308,350.00175739,1788.56132379,180.0,389.93040697,34.408403545,1450.61087107,133.1010292,1050.75900959,166.903200585,1019.74929056,1774.38548913,422.12761017,6808.28877422,3924.25481783,10732.54359205,2546.77308311,13279.31667516,13279.31667516,6856.93523939277
2007-05,5322.28292878,5164.94593827,157.33699051,5052.03203866,3163.33156201,220.10307348,2108.80355013,60.0,351.29360466,39.81569226,1790.87516116,1005.75519735,1280.33207654,153.82438949,1107.03199723,1837.26657629,440.47510736,11579.72888853,4624.34156297,16204.0704515,2671.21807638,18875.28852788,18875.28852788,9896.77232910224
2007-06,5452.74183606,5293.72096715,159.02086891,5055.98424897,3228.43181455,279.86157938,2107.4140138,120.0,369.95931743,45.89598657,1525.87394026,286.45830651,1323.19983555,207.42300027,1078.71639954,1864.7963941,436.77409886,10962.63836705,4372.56907135,15335.2074384,2701.30191496,18036.50935336,18036.50935336,9441.7704695353
2007-07,3395.24496514,3195.23881184,200.0061533,5625.58816468,3380.72892962,279.88313788,2524.74237294,120.0,345.41928295,43.892750015,1637.61487578,148.98108765,1235.84602443,147.556388445,1516.83426605,2663.75885575,458.06493833,8749.91654589,5006.83179379,13756.74833968,3712.92989623,17469.67823591,17469.67823591,8655.63568731
2007-08,3818.64419354,3587.91962371,230.72456983,5984.73065015,3479.01588724,280.17647608,2785.89123899,127.5,392.45791107,47.099012145,1666.75885504,202.14862293,1363.66154557,162.390121895,1153.95923973,1987.08192994,465.41022681,9496.56938374,5452.54756737,14949.11695111,2924.74257233,17873.85952344,17873.85952344,9378.39724541783
2007-09,3547.09210837,3318.4637729,228.62833547,5123.80750628,3022.33700684,279.88228603,2381.35278547,120.0,417.60560348,46.074006915,1665.28055539,58.64630793,1367.09456435,152.283394945,1172.13815758,2026.83955258,473.73634353,8814.6257984,4950.06624093,13764.69203933,2969.862730806,16734.554770136,16734.554770136,8759.93276453456
2007-10,3337.82191241,3071.70363845,266.11827396,5793.71726712,3237.95393565,355.02123167,2910.78456314,315.0,403.85084336,44.9302916,2121.25882895,193.40938143,1316.78943118,168.50926674,1304.28554727,1998.78756123,465.40780817,8498.82400403,6104.22621612,14603.05022015,3047.40918306,17650.45940321,17650.45940321,9415.02843740396
2007-11,3708.01204359,3464.53806233,243.47398126,5874.27014976,3640.67545006,599.93287281,2833.52757251,250.0,467.39295614,53.498529985,2203.0793686,51.68661105,1504.96771044,148.411623255,1279.95611487,2028.21808902,488.72389091,9255.22099034,6096.88370386,15352.1046942,3053.62148153,18405.72617573,18405.72617573,9934.64773659754
2007-12,3914.59959533,3704.74343019,209.85616514,6393.35927269,4150.25180012,145.0301401,2388.13761267,100.0,450.56137197,50.999601495,2620.4510547,183.88685487,1407.81566767,80.1753500050001,1303.3363113,2080.87529504,489.56891976,10651.50588806,5882.19031422,16533.69620228,3087.08446441,19620.78066669,19620.78066669,10596.2717450105
2008-01,3940.37644504,3702.98555241,237.39089263,6728.24585815,4270.12065203,350.10524354,2808.23044966,250.0,491.05275596,47.918340875,3215.21179757,42.74445947,1579.66116916,223.240779325,1747.27356752,3072.92656041,500.99266669,10361.86345383,7045.83924951,17407.70270334,4321.2871693,21728.98987264,21728.98987264,11567.5528470247
2008-02,3803.46371819,3593.5374467,209.92627149,5916.20568879,3832.62694536,450.0,2533.57874343,300.0,450.54784165,38.88713531,2525.73841735,168.5203146,1505.09831662,236.2854467,1661.77547404,2358.02459317,488.85262275,10041.26472703,5960.21965642,16001.48438345,3602.66596812,19604.15035157,19604.15035157,10374.4782626579
2008-03,3049.01491963,2849.75016017,199.26475946,5755.79571448,3768.74671364,475.0,2462.04900084,325.0,413.87390136,45.87862199,2199.5194753,47.80311576,1274.24353705,222.67428513,1619.7546236,2229.46346012,493.62188843,8660.83560904,5602.36212901,14263.19773805,3426.20562618,17689.40336423,17689.40336423,9264.29651769536
2008-04,3024.25595357,2778.13156782,246.12438575,6581.2889736,4079.83534632,475.0,2976.45362728,200.0,468.46539339,47.37602473,2997.85638842,163.28672899,1605.06052865,140.22372957,1754.87656439,2455.59106401,521.55246183,9372.99591656,7110.01109051,16483.00700707,3757.73425105,20240.74125812,20240.74125812,10910.2265804728
2008-05,5275.73707691,5031.06341714,244.67365977,6711.32069695,4148.97868363,600.0,3162.34201332,150.0,450.89563488,55.12651949,3219.237042,1205.44447314,1685.83839426,181.88872057,1832.78508093,2575.63755057,535.87097156,12863.11254463,7430.51974775,20293.63229238,3965.42173189,24259.05402427,24259.05402427,12881.3944139503
2008-06,6671.56534687,6417.95291723,253.61242964,6629.56118115,4029.88748924,600.0,3199.67369191,140.0,450.078881,52.34596042,2297.71134071,402.81048032,1527.82863953,205.95023293,1853.45192152,2495.74301383,560.73191416,13203.77912701,6518.62059131,19722.39971832,3898.54819744,23620.94791576,23620.94791576,12270.6107089203
2008-07,4828.92492539,4517.41622963,311.50869576,6846.81522099,3947.23663127,591.0,3490.57858972,179.0,434.69381231,48.186722575,3366.45487864,277.82293311,1732.65746697,252.149234765,2565.78177522,3598.57348736,538.61240459,11178.70127224,8024.14067026,19202.8419425,5315.66320753,24518.50515003,24518.50515003,12614.9893243457
2008-08,4972.13300616,4662.91220991,309.22079625,7107.46570897,4407.52102729,480.0,3179.94468168,400.0,451.02787194,51.81850605,3914.2438247,325.30073886,1745.26684664,286.93286098,1950.58556567,2721.75467243,538.49797443,11842.33023023,8235.04485691,20077.37508714,4168.71177524,24246.08686238,24246.08686238,13286.2269964136
2008-09,4397.69260055,4083.81799345,313.8746071,7295.94306996,4337.39505979,400.0,3358.54801017,250.0,471.66620498,46.049456435,4125.0179174,98.23926311,1684.46648656,107.727775515,2015.30841978,2819.53002772,550.5466973,10966.02116151,8654.49286668,19620.51402819,4279.08814818,23899.60217637,23899.60217637,13096.7697281582
2008-10,4682.46875165,4343.26190404,339.20684761,7209.38668131,4331.08822647,450.0,3328.29845484,300.0,490.89480689,55.57097607,3764.83007195,292.39506022,1747.18051353,372.59396333,2046.40281887,2817.06126417,565.5081948,11634.43488745,8347.40299465,19981.8378821,4294.70745479,24276.54533689,24276.54533689,13283.3493148223
2008-11,4177.48042805,3890.82801212,286.65241593,6794.31525628,4531.14112898,510.0,2773.1741273,300.0,520.19237801,56.28662255,2201.22439596,69.98270859,1706.91665647,22.0399196699997,2151.38172478,3149.43241513,568.54237145,10683.67787941,6086.4347147,16770.11259411,4879.34610242,21649.45869653,21649.45869653,10668.3261086245
2008-12,4822.8872492,4585.20573381,237.68151539,6652.56076914,4708.3464734,505.0,2449.21429574,100.0,523.92594508,50.35718858,2228.28349725,280.66632323,1700.93833558,192.07885117,2043.20498101,2873.24342864,546.3127739,12770.60539738,5636.58388014,18407.18927752,5234.45039796,23641.63967548,23641.63967548,11485.4510672417
2009-01,3950.09103149,3764.58296572,185.50806577,6706.19938165,5172.33558303,550.0,2083.86379862,100.0,552.55631656,59.975827465,2357.06169185,62.27308088,1694.72541159,246.339105715,2808.66828185,3932.52333813,539.35180702,11491.78226575,5269.65262347,16761.43488922,7347.60632308,24109.0412123,24109.0412123,10824.2787801498
2009-02,3754.55177933,3595.07452328,159.47725605,6745.11343778,4920.43908331,110.0,1934.67435447,0.0,565.38589035,35.83987881,2374.58062837,261.73015114,1519.12856379,144.53673694,2166.93360774,3068.78898271,553.1211809,12067.27481534,5003.79704393,17071.07185927,5705.70529031,22776.77714958,22776.77714958,10734.9708025918
2009-03,3374.62383454,3203.80558376,170.81825078,6693.07338499,4692.39779827,125.0,2125.67558672,0.0,496.56839587,32.62255162,2159.18446202,65.54748638,1431.62946488,409.38269783,2083.8210363,2967.26999106,560.25327704,11159.75608479,5060.82991456,16220.58599935,5544.69695253,21765.28295188,21765.28295188,10345.3871600157
2009-04,3113.28563515,2940.95576029,172.32987486,6938.12409737,4884.11841255,100.0,2154.00568482,100.0,479.10089065,37.455291425,3018.86570102,147.25344148,1668.12147447,463.891036385001,2117.00100387,3020.59880578,561.95168909,11418.82024048,6004.06878905,17422.88902953,5623.75781317,23046.6468427,23046.6468427,11453.5517693303
2009-05,6518.24027381,6349.23179426,169.00847955,6731.00259816,4986.57200321,370.0,2114.43059495,127.0,576.47351146,41.70283388,2907.18982807,1229.0339459,1717.17980016,416.61864581,2043.88155917,3165.30516624,563.91493201,15824.21597321,5762.85798053,21587.07395374,5704.30079858,27291.37475232,27291.37475232,13435.0766523525
2009-06,6274.8869614,6065.4552705,209.4316909,7247.12757757,5060.05225344,503.0,2690.07532413,100.0,471.73455731,40.92110728,3125.62311591,496.69589361,1708.01718781,124.93853609,2217.60339706,3069.92725459,574.76523377,14283.44764901,6691.06294463,20974.51059364,5778.26967316,26752.7802668,26752.7802668,13228.3738559533
2009-07,4424.39271076,4194.6690115,229.72369926,7799.79384407,5283.25847263,346.0,2862.53537144,300.0,495.15852194,43.755539565,2664.51072187,275.42355258,1779.17614398,484.641844635,3031.10924781,4221.99918417,584.04040157,12825.35034034,6444.00898555,19269.35932589,7744.06619075,27013.42551664,27013.42551664,12340.1277109239
2009-08,4666.28972222,4470.33938698,195.95033524,7517.14887282,5221.03492792,273.0,2569.1139449,200.0,572.01718965,55.856132405,2259.21943269,375.27188042,1692.16420198,274.238665165,2394.56281261,3590.31769567,585.62572242,13081.11432598,5658.1712524,18739.28557838,6533.04361107,25272.32918945,25272.32918945,11700.3286295153
2009-09,4264.85791988,4036.67327195,228.18464793,7922.53575068,5280.21396788,281.0,2923.3217828,404.0,578.81552787,55.50649246,2380.69895263,181.46524659,1802.48629217,1061.80160805,2402.17426428,3589.10329274,595.68119054,13359.0863446,6350.30925161,19709.39559621,6522.3256651,26231.72126131,26231.72126131,12776.455435794
2009-10,4902.12154826,4683.5319165,218.58963176,7683.57807471,5255.19406341,350.0,2778.3840113,340.0,554.3109601,49.607833755,2963.59525528,424.41108986,1769.45828077,-40.3970681850001,2491.13959743,3558.38464122,598.28200682,13098.55573993,6750.55334847,19849.1090884,6567.8339486,26416.943037,26416.943037,12310.3031352105
2009-11,4981.6534939,4754.66820075,226.98529315,7424.1210458,5024.39958783,363.0,2762.72145797,250.0,648.13545779,60.76995751,2666.03202774,121.8719607,1745.35503301,529.53620435,2465.21580217,3215.9729055,602.71545949,13450.67547538,6448.26685965,19898.94233503,6193.66048766,26092.60282269,26092.60282269,12752.4544903311
2009-12,5327.25970974,5119.05002213,208.20968761,7977.91540924,5613.66349342,360.0,2724.25191582,530.0,727.69868014,59.780622525,3164.97354964,400.10745212,2034.02945598,142.893041635,2556.91308565,3486.37695506,611.98864886,14717.34678145,6966.07687733,21683.42365878,6478.11135809,28161.53501687,28161.53501687,13637.8572809233
2010-01,4967.36556584,4772.67379335,194.69177249,8255.32147719,6131.96762133,417.0,2540.35385586,227.0,739.4697555,70.20237556,2316.51744763,96.55746507,1944.88478228,66.73847451,3500.74685808,5094.8282307,695.46323131,13869.56843123,5860.32769094,19729.89612217,9295.2190022,29025.11512437,29025.11512437,12381.1975026254
2010-02,4688.47553333,4492.62473991,195.85079342,8239.56661245,5886.12322505,200.0,2553.4433874,200.0,772.89895846,39.80846774,2718.3580267,359.58798568,1802.05366989,-12.9938463799996,2559.22187172,3759.36479615,711.40473073,14239.31512017,6257.00312314,20496.31824331,6881.01638924,27377.33463255,27377.33463255,12769.0145119618
2010-03,4308.85791842,4061.67713203,247.18078639,8574.26097009,5524.69200719,225.0,3274.5689629,277.0,748.11886218,50.777257745,3271.97755678,110.46913661,1819.67391254,594.003183005,2610.58767157,3767.62631614,729.49527307,13549.24245615,7866.74490865,21415.9873648,7092.7331622,28508.720527,28508.720527,13899.4029791886
2010-04,4240.31506259,4009.65429612,230.66076647,8835.47169755,6072.98698602,267.0,3029.48471153,237.0,786.08234048,58.197253815,3918.61705662,244.87161115,2074.5296738,546.413251275,2771.99428177,4108.97959958,725.25929291,14438.88334441,8186.90707755,22625.79042196,7503.78396919,30129.57439115,30129.57439115,14809.4046474402
2010-05,11474.84497382,11211.95496406,262.89000976,8953.23623822,5761.51464969,320.0,3511.72158853,270.0,779.35569942,59.87469899,4272.76203889,1560.62966045,2236.34836732,342.42233673,2896.09327797,4061.25205205,726.4333507,22726.45875553,9023.39938602,31749.85814155,7594.87022333,39344.72836488,39344.72836488,19639.1369334703
2010-06,9169.98157018,8878.57736554,291.40420464,9938.01535231,6212.5353621,215.0,3940.47999021,200.0,795.30856418,61.08804039,4225.27565341,636.09377789,2189.29256768,469.07844802,2968.92167466,4133.1756724,741.70931455,19890.94917724,9653.34882126,29544.2979985,7751.03137205,37295.32937055,37295.32937055,18679.8900639049
2010-07,6252.24282982,5897.99523894,354.24759088,10155.76763931,6393.29649026,325.0,4087.47114905,300.0,746.01480631,62.129476415,4481.10128497,334.81801724,2436.3146848,315.614957185,4048.57021949,5896.87441861,750.41362075,16596.08305362,10184.03410891,26780.11716253,10594.55870194,37374.67586447,37374.67586447,17428.8139404805
2010-08,6025.77705062,5662.1942452,363.58280542,10311.78200895,6581.87863853,276.0,4005.90337042,200.0,765.5834656,64.797301805,3795.74842934,531.16059143,2222.06607196,411.886648175,3089.77913244,4458.44412062,752.36127934,16967.83889058,9371.58864735,26339.42753793,8215.81167914,34555.23921707,34555.23921707,16823.6894979937
2010-09,5743.56699864,5364.9025634,378.66443524,10723.05171376,6911.2172568,300.0,4111.83445696,209.0,776.87294347,71.206030085,4579.70990835,165.48680379,2511.70682246,182.503940935,3193.63313137,4629.57085704,757.5455624,16756.84253302,10411.65040644,27168.49293946,8480.60723048,35649.10016994,35649.10016994,17698.4832013293
2010-10,6165.04690297,5797.39436213,367.65254084,10123.14293549,6756.7694074,400.0,3766.37352809,400.0,799.95820044,66.2410981,4918.76817131,486.22324405,2457.76910942,275.54906762,3219.95393124,4831.71905865,754.88413091,17131.14595599,10295.19423689,27426.34019288,8651.13958325,36077.47977613,36077.47977613,17907.4264874456
2010-11,6393.08770818,5975.65512789,417.43258029,10634.62012083,6571.7340598,350.0,4412.88606103,150.0,906.73535265,80.59996484,4030.00942156,136.82450481,2303.72258447,242.78401351,3378.56434345,4958.90374673,770.6155155,16938.0989433,10407.07885249,27345.17779579,9062.7891484,36407.96694419,36407.96694419,17548.6144934815
2010-12,7222.06356718,6849.37678237,372.68678481,11641.75039606,7906.35653458,370.0,4105.39386148,386.0,858.00758883,82.42735935,3018.50745547,484.06892533,2886.37090404,244.244513799999,3365.11571336,4955.31061389,768.03178271,20369.41128753,8833.48280385,29202.89409138,8952.73541167,38155.62950305,38155.62950305,18092.5109126278
2011-01,7110.80004023,6712.78202886,398.01801137,11837.26054297,8150.19995612,500.0,4187.06058685,400.0,1004.64848172,83.52536561,3605.30645213,107.18912213,2661.84097376,397.69730798,4674.01815738,6973.55628892,783.35316047,18979.64325037,9491.30288259,28470.94613296,12296.31550913,40767.26164209,40767.26164209,18136.3314646205
2011-02,6867.70798779,6494.69375422,373.01423357,10688.59851559,7277.77649724,353.0,3763.82201835,126.0,903.78200109,62.643340205,3022.72519757,439.22127976,2619.42359697,59.173364375,3603.34152954,5404.873793,765.01145865,18749.40011757,8360.24599106,27109.64610863,9640.86708303,36750.51319166,36750.51319166,16791.5175960104
2011-03,5970.79059761,5529.71021959,441.08037802,11738.20666868,7188.70218547,200.0,4749.50448321,350.0,889.60895037,66.321954155,3915.32037361,102.65649231,2437.2518836,701.139417915,3544.31071676,5171.93312579,779.83829475,17475.76264284,10559.1229096,28034.88555244,9428.12401559,37463.00956803,37463.00956803,18054.0725956534
2011-04,6695.21351101,6270.40673226,424.80677875,11578.09223043,7366.91402937,280.0,4491.17820106,500.0,915.2846657,75.31130524,4573.77057633,259.42324172,2687.53908454,441.76785202,3802.98015484,5928.04980062,762.93561406,18597.33635194,10706.00438679,29303.34073873,10435.0393332,39738.38007193,39738.38007193,18937.4347005582
2011-05,14040.34750555,13519.47485327,520.87265228,13042.28941997,8512.06170663,320.0,4850.22771334,250.0,864.33305481,73.40690081,4667.43846397,1742.80983545,2951.35498123,411.689639839999,3919.80952002,5705.11470146,805.63781818,29094.1082918,11296.52809471,40390.63638651,10249.48069981,50640.11708632,50640.11708632,24757.0850284946
2011-06,13358.30901389,12851.76324428,506.54576961,12271.73566489,7685.89986261,279.0,4864.83580228,731.0,773.2811378,93.414423685,5141.42228121,728.58025208,3175.77320378,650.595328695,4037.08342546,5844.51380314,777.6449223,26206.77266732,11905.34529941,38112.11796673,10566.92878104,48679.04674777,48679.04674777,24115.7574780972
2011-07,8672.73139385,8161.13039758,511.60099627,13214.1582409,9041.66021253,325.0,4497.49802837,300.0,823.23375888,90.232177625,4480.15175535,373.66137307,3292.81216961,469.205800645,5492.10799916,8114.36087814,795.34994902,22830.23153572,10749.7764996,33580.00803532,14264.78136308,47844.7893984,47844.7893984,21412.1736120284
2011-08,9098.54838246,8586.21499414,512.33338832,13565.31451096,8140.26064047,304.0,5729.05387049,668.0,881.43236911,94.52088206,5609.31052388,629.30329835,2915.49197481,617.23863537,4270.53369542,6150.75298339,773.80731959,22412.35632423,13300.25194983,35712.60827406,11064.68208542,46777.29035948,46777.29035948,22955.6846757864
2011-09,8662.46554322,8169.56664375,492.89889947,14322.53224196,9612.23422001,300.0,5010.29802195,355.0,925.16168494,94.85283254,5599.58793376,179.97137427,3542.3835178,377.86805463,4423.49654998,6339.79302835,748.33457863,23724.30544992,12645.12790774,36369.43335766,11360.36590862,47729.79926628,47729.79926628,23576.639335201
2011-10,8922.73090898,8487.58202555,435.14888343,13056.50587614,8632.96451251,582.0,5005.54136363,350.0,940.56855894,104.990842395,5828.33053612,583.61851515,3145.45780633,363.565702395,4531.16172248,6625.57158783,699.3662378,22959.78414084,12862.70641338,35822.49055422,11732.38172185,47554.87227607,47554.87227607,23143.4183069125
2011-11,9194.90933175,8767.62040788,427.28892387,15087.9927584,9813.42344211,16.0,5290.56931629,10.0,941.12172095,114.22674615,3714.11137402,163.68455323,3350.98348023,-74.1456749800003,4528.58978615,6450.20372709,646.23359206,24589.12023385,11097.11371913,35686.23395298,11589.66879126,47275.90274424,47275.90274424,22087.9091369392
2011-12,10003.32429472,9589.00441947,414.31987525,13834.17969159,8980.15378053,370.0,5224.02591106,650.0,1051.80297954,109.54844144,4005.879966,581.79525428,3399.11259815,976.2716323,4640.00875415,6605.61457708,612.17004136,26141.22725568,11180.70612399,37321.93337967,11590.84122937,48912.77460904,48912.77460904,23337.3007988688
2012-01,9501.78848348,9080.71255012,421.07593336,15133.21750296,11086.42369263,350.0,4396.79381033,350.0,1071.15878672,110.011657005,4622.1805502,119.53694231,3253.4636694,570.611742945,6432.76555781,9334.24474801,591.30841343,25711.54918233,10806.167329,36517.71651133,16326.26333741,52843.97984874,52843.97984874,23182.3671594445
2012-02,8847.67125255,8479.07451292,368.59673963,13731.13419355,10000.82248653,150.0,3880.31170702,150.0,976.23349493,73.559571515,4164.40894995,502.2298806,3209.7716632,292.211756635,4864.89876909,7161.6705588,568.60351566,25212.01779707,9619.65571478,34831.67351185,12450.76973847,47282.44325032,47282.44325032,21681.6598484783
2012-03,7771.49137557,7389.70471756,381.78665801,13745.79831405,9946.27150364,226.0,4025.52681041,200.0,1032.84890775,78.05804243,5668.99660777,120.309293,3374.73779187,870.32853482,5026.60397404,7269.13434487,591.30837179,24207.34234763,11340.6561031,35547.99845073,12815.349932,48363.34838273,48363.34838273,23144.3136390732
2012-04,7467.70960899,7109.48867693,358.22093206,13896.19050529,10420.13999332,120.0,3596.05051197,0.0,1073.65129998,81.024769615,7024.35067622,330.28709159,3167.38605397,58.3857483550001,5082.54428313,7852.02761216,524.72828284,24148.09988462,11952.55205659,36100.65194121,13335.20830944,49435.86025065,49435.86025065,23425.5325997051
2012-05,14883.35913172,14404.25214784,479.10698388,15799.45504935,11119.9902329,0.0,4679.46481645,0.0,930.43058293,94.1424679,5767.63762967,2048.57594624,3665.44086878,1050.75089762,5407.46028575,7772.94696827,580.44751882,35063.11647862,12378.21445345,47441.33093207,13585.0068173,61026.33774937,61026.33774937,29503.1177277155
2012-06,16034.54837811,15557.07859772,477.46978039,15391.30727413,11027.25622022,175.623,4539.67405391,227.0,988.55395349,98.32118964,4161.86389097,926.76339622,3753.06915301,933.8795763,5380.64034822,7809.60877367,535.93419533,34492.96937544,10643.0451759,45136.01455134,13548.10687274,58684.12142408,58684.12142408,27657.1091357302
2012-07,10986.15617153,10473.98425896,512.17191257,15539.79131518,10750.10156321,511.0,5300.68975197,250.0,994.00623544,83.360719835,6722.92649109,488.31621019,3589.38435672,582.350642535,7389.59801777,10875.66774738,620.23385933,28661.62326167,13986.41669831,42648.03995998,18668.7739689,61316.81392888,61316.81392888,27314.5765992685
2012-08,12244.32694666,11728.25915361,516.06779305,16910.36537687,11812.64369985,3.0,5100.72167702,0.0,1118.18798997,85.6666052,5965.60180065,790.02731887,3882.25297963,804.62026181,5738.62765497,8283.90242612,634.86090304,32510.7019488,13448.74569694,45959.44764574,14496.16145971,60455.60910545,60455.60910545,29061.9765812781
2012-09,10832.25351105,10157.98260992,674.27090113,16787.45616241,11448.43942903,9.2,5348.21673338,0.0,1137.97158109,90.45761077,5204.8252637,220.01936317,3919.53592787,636.064155689999,5812.69331108,8263.90642935,620.54287173,29944.59881677,12963.58047053,42908.1792873,14466.37657615,57374.55586345,57374.55586345,27112.8471141571
2012-10,12489.83746916,11535.8168306,954.02063856,17557.26697948,11109.16450747,1.022,6449.12447201,0.0,1157.32729327,84.27808057,4496.84780965,774.17610565,3671.50431379,510.17096694,6025.69041751,8805.89039463,657.76310402,31012.08859228,13809.08059965,44821.16919193,15309.54997736,60130.71916929,60130.71916929,27635.301455651
2012-11,13778.12681524,12925.33533491,852.79148033,17816.70974626,12638.50921977,535.0,5713.20052649,530.0,1198.17590055,112.777666645,4278.85603748,200.79066057,4106.54195846,198.198601065,6156.45654539,8773.23042189,627.26820766,32570.0721276,12745.7005029,45315.7726305,15348.85326524,60664.62589574,60664.62589574,27870.5823193607
2012-12,13602.33189941,12755.9753962,846.35650321,18187.7479336,12456.52067287,490.0,6221.22726073,280.0,1233.46445444,98.752995625,3237.40116548,741.68919408,4338.13919294,371.940803935,6225.70731634,8837.18300466,615.46661914,34791.4232432,12189.64652068,46981.06976388,15239.79607705,62220.86584093,62220.86584093,28153.5296948113
2013-01,12506.847957,11647.02373255,859.82422445,19127.96822655,13317.26873895,43.0,5853.6994876,100.0,1318.86174228,121.259316085,2974.18460678,165.7664623,4130.71802682,718.480558934999,8487.19180208,12312.90703455,665.38239813,32653.41253657,11586.82475895,44240.23729552,21442.45217028,65682.6894658,65682.6894658,27090.8363759149
2013-02,12755.38580191,11871.46995064,883.91585127,18234.77380101,12709.90190159,357.0,5881.87189942,285.0,1279.0495821,72.696970335,2813.15959133,650.60771721,3998.75508411,851.541554115,6441.92399608,9585.36192576,588.46992776,33235.68950117,11386.53200555,44622.22150672,16265.5931341,60887.81464082,60887.81464082,26956.5858452376
2013-03,11688.33778778,10863.55799892,824.77978886,18358.20524116,13129.95420323,262.0,5490.25103793,250.0,1273.79959991,83.338029685,3995.25624892,178.15849226,4068.1056689,303.601651155,6653.46417365,9701.04635839,640.11602708,31366.36255576,12106.89594886,43473.25850462,16805.12796758,60278.3864722,60278.3864722,26695.5978189922
2013-04,11045.60483074,9989.38801439,1056.21681635,18509.15551353,11832.57419076,372.0,7048.58132277,400.0,1290.77223533,80.613923465,8809.28479664,555.66305446,4029.6220853,448.978902825,7259.81574175,10913.50222203,634.78922043,30035.4856525,19000.77747982,49036.26313232,18594.04866705,67630.31179937,67630.31179937,31941.7197843361
2013-05,21101.71365126,20080.9452508,1020.76840046,20322.85016628,13826.66711332,351.0,6847.18305296,514.0,1243.74730295,100.810283785,5399.84002107,2785.26675671,4802.5532854,-440.580728765,7403.23236153,10639.9093081,641.41443295,43797.02678977,15519.73347511,59316.76026488,18437.94768664,77754.70795152,77754.70795152,35314.0229797357
2013-06,21914.38821075,21030.1853133,884.20289745,19729.98106689,13811.34154661,260.0,6178.63952028,685.0,1324.84951032,102.895644755,4122.9642106,1418.150949,4492.37321644,363.892956915,7159.21780492,10371.4424679,602.61873314,43897.54169024,13214.78428558,57112.32597582,17583.51356406,74695.83953988,74695.83953988,33954.2161010321
2013-07,15648.79276541,14655.18393274,993.60883267,21561.77347803,14897.87351157,204.0,6867.89996646,506.0,1289.08210914,90.252732735,5658.27475085,783.27596566,5089.58924272,149.702259055,10244.08126401,15080.59721024,667.77422452,38504.52220755,15961.44425962,54465.96646717,25832.16156443,80298.1280316,80298.1280316,33654.3055144437
2013-08,15661.00801973,14731.43579622,929.57222351,22341.21940516,14808.78591698,180.0,7712.43348818,645.0,1276.66341404,109.827951215,6868.50424192,1084.81133398,5036.45827053,786.987521395,7400.73021405,10689.56566711,637.48276547,39663.49598683,17709.47468707,57372.9706739,18491.87545165,75864.84612555,75864.84612555,35847.8004807382
2013-09,14077.56211032,13180.59672913,896.96538119,22094.35934612,15382.71505452,213.0,6924.6442916,642.0,1400.94865937,111.18338773,5187.99888144,321.75030702,4930.61325665,602.29065164,7427.53213512,10827.5237713,649.69051827,37902.24807964,15276.56185252,53178.80993216,18626.1979007,71805.00783286,71805.00783286,32864.82150851
2013-10,14858.81339867,13847.12708295,1011.68631572,23077.25839716,15485.84131631,101.0,7692.41708085,680.0,1419.96365704,122.538820545,3956.67744214,1041.0285261,5201.00805925,620.781324175,7632.23455361,11288.61777147,690.13312659,39600.0669571,15268.01749785,54868.08445495,19424.05744909,74292.14190404,74292.14190404,33430.6788262819
2013-11,15271.74787933,14384.95526134,886.79261799,23256.03574871,16527.58961268,107.0,6835.44613603,39.0,1578.70135998,155.22204717,2679.63667065,287.72563732,5459.58213147,639.26359598,7690.94884706,11103.40846796,678.92100216,41499.92033456,12934.98596887,54434.90630343,19148.04893548,73582.95523891,73582.95523891,32679.2969924151
2013-12,17068.46808882,16155.95441908,912.51366974,22392.67076085,14653.2405027,287.0,8026.43025815,647.9,1669.50849941,119.116211525,2999.38408177,1024.01382613,5275.46114102,608.354398055,7781.28087611,11035.82143536,731.98971352,42735.30850521,14208.52034639,56943.8288516,19115.79108307,76059.61993467,76059.61993467,33747.4121330282
2014-01,18371.93506395,17155.31019216,1216.62487179,27221.4550821,19130.357127,300.0,8391.0979551,650.0,1956.74362028,143.924315855,4004.91311535,265.9054344,5748.40971801,677.657590805001,11398.95353875,16468.95284432,846.03332487,45551.2356164,16579.69838829,62130.93400469,28176.23346646,90307.16747115,90307.16747115,37909.5758585562
2014-02,18009.26855969,16816.01273117,1193.25582852,24671.97975829,17856.26041214,1150.0,7965.71934615,1056.0,1680.71196471,93.840679465,3949.86361529,973.74704238,5628.43046971,669.651955005,8356.70800757,12302.40825112,667.07211394,44495.32172371,15666.47963538,60161.80135909,21011.13078172,81172.93214081,81172.93214081,36270.960097701
2014-03,14938.96349887,13704.05414512,1234.90935375,25529.36139913,17192.05293997,5.8,8343.10845916,700.0,1604.4508492,102.125629735,5342.72424399,304.92049276,5258.73596712,562.479215345,8334.37374331,12195.07616232,835.20058623,40614.78162335,17214.68517174,57829.46679509,20880.48192042,78709.94871551,78709.94871551,35621.8921359805
2014-04,15792.56546926,14285.27053463,1507.29493463,27293.75032692,17970.9048307,222.6,9545.44549622,1049.6,1657.130717,115.27649229,14513.93196485,688.08427878,5674.91670381,710.50103331,8722.84818612,13192.95409181,800.38875618,42158.31235348,28371.92201257,70530.23436605,22207.07418176,92737.30854781,92737.30854781,46819.7878808591
2014-05,29249.5819448,27794.44877788,1455.13316692,25771.26601263,17416.02738666,202.623,8557.86162597,879.7,1590.86647081,98.793260445,8789.62005092,3943.65957296,6528.37221013,554.971421025,9091.82907197,13505.81314347,864.36023515,59874.25184475,21577.93227605,81452.1841208,23618.38577806,105070.56989886,105070.56989886,49635.5365825084
2014-06,29295.25911909,27959.95481896,1335.30430013,25367.49539101,16866.22307147,176.8,8678.07231954,1020.0,1698.57986055,132.638544145,8548.10219806,1904.66045755,6043.72688306,696.994237335,8974.6602314,13121.61847271,814.40506336,57739.95955492,20982.82493399,78722.78448891,22463.39947558,101186.18396449,101186.18396449,48166.4061914185
2014-07,21929.97253084,20526.88664245,1403.08588839,27999.69813525,19262.32777323,400.0,9137.37036202,1300.0,1637.71841251,134.986501675,9362.57386083,1046.75483608,6925.47358428,739.270553895,13004.32980789,18779.05741681,797.61551402,52272.18368273,22757.03949087,75029.2231736,32060.71353488,107089.93670848,107089.93670848,47102.4155186677
2014-08,22815.84727051,21543.51585508,1272.33141543,28191.30325045,19981.23703071,240.0,8450.06621974,0.0,1771.70430479,126.682678075,6633.82859842,1430.08427384,6796.04187788,1025.138702175,9715.44139252,13989.06879566,721.00522936,56258.0916609,19121.1185967,75379.2102576,24268.73167196,99647.94192956,99647.94192956,46018.1326926983
2014-09,21823.13875246,20435.92819858,1387.21055388,29726.0384616,20455.22231825,230.0,9500.81614335,1250.0,1909.83231709,137.788325825,5855.72467972,486.5896312,6731.7823575,1264.021207405,10137.36330276,14455.84730765,905.08298053,54258.06222736,19734.5651093,73992.62733666,24726.40581919,98719.03315585,98719.03315585,45238.9870713036
2014-10,24273.88335193,22922.5053727,1351.37797923,29239.78136822,20774.89335594,900.0,9364.88801228,1000.0,2085.34515321,157.56217327,7378.13218915,1439.57545482,6858.17304013,876.81326516,10434.83482261,14965.12623655,1055.81977008,57444.8399242,21391.64989568,78836.48981988,25769.92071994,104606.41053982,104606.41053982,48246.4216502615
2014-11,24704.18786918,23537.98355487,1166.20431431,29763.62301892,21479.31263861,492.0,8776.31038031,1510.0,2347.48656449,174.16096817,4617.84041238,434.16709291,7115.61364825,575.173977340001,10594.53849666,15274.72720061,943.12480632,58146.2715024,17475.58960615,75621.86110855,26214.65397958,101836.51508813,101836.51508813,44996.6886656132
2014-12,25870.49641653,24683.87225186,1186.62416467,30427.05514817,22875.62980732,703.2,8254.62534085,800.0,2400.54491441,154.428185875,5090.94287239,1437.48508131,7430.14180192,826.695102825,10665.38366499,15260.34044066,872.16083238,64738.77801879,17753.16200065,82491.94001944,26106.82735047,108598.76736991,108598.76736991,48685.3162438745
2015-01,25875.00411841,24520.79735804,1354.20676037,33544.7365668,25912.418993,1468.9,9101.2175738,592.0,2291.91290996,183.2332339,4343.55866985,413.22824333,7266.30648795,1049.52267735,15422.69836139,21898.04610151,1008.83028322,61579.97437904,18033.20488537,79613.17926441,37845.26837758,117458.44764199,117458.44764199,47966.0029727727
2015-02,25165.09630788,24009.38460855,1155.71169933,31013.17252757,23183.7178349,35.0,7864.45469267,10.0,2432.59499012,101.119417725,3373.76446921,1357.86396355,6498.09971461,818.238607145,11557.70184061,16602.43267269,1009.97226958,62976.10422246,15006.91137472,77983.01559718,28574.84442733,106557.86002451,106557.86002451,45467.3006927953
2015-03,20939.0220662,19581.4086671,1357.6133991,33906.50620012,24138.13944653,2.5,9770.86675359,1.0,2311.19753184,142.818397345,4659.8973755,450.65301248,6876.00752245,1084.866557845,11420.96099597,17628.60643198,1044.14010468,58038.57558176,18959.00231928,76997.57790104,28402.68737955,105400.26528059,105400.26528059,46174.8035866349
2015-04,21325.15709809,20028.08404852,1297.07304957,33589.66952857,25226.00282967,12.0,8375.6666989,1350.0,2393.45704913,129.859601245,9290.2241451,865.37226608,7665.90733897,833.594538525,11824.5383591,17117.34629392,1296.19158643,59766.23845586,22052.93585838,81819.17431424,30839.44873459,112658.62304883,112658.62304883,50537.7444670896
2015-05,44918.68472555,43386.31483768,1532.36988787,32448.20572795,23482.0440885,655.0,9621.16163945,1750.0,2328.85768572,195.29836944,7951.15938426,4705.52984307,8171.80703669,699.297730469999,11932.21852502,17302.90124536,1210.06379147,85326.19769092,23033.76118761,108359.95887853,29778.92057466,138138.87945319,138138.87945319,63746.9827536969
2015-06,43050.18060962,41483.74065996,1566.43994966,34052.35208986,24106.95659771,501.7,10447.09549215,1200.0,2377.25566854,175.604186525,10412.37924754,2445.69764931,7756.15848829,1812.062731385,12451.05750757,17888.85076653,1274.82376329,82840.24872308,27045.57780972,109885.8265328,30951.94684407,140837.77337687,140837.77337687,66285.051495386
2015-07,33332.74175461,31736.80424881,1595.9375058,35911.09959591,25362.92864509,507.3,11055.47095082,1500.0,2412.83567197,180.70474351,10756.07410949,1391.32278996,8827.59223153,1098.11384215,18149.56668891,26286.66356689,1441.89042509,72875.83342947,28028.15667735,100903.99010682,45094.57423003,145998.56433685,145998.56433685,61971.2205821724
2015-08,32324.12226776,30732.87655935,1591.24570841,39234.9527472,28460.70323772,311.2,11085.44950948,850.0,2700.56762028,199.35416376,6592.49375611,1843.59989126,8186.68575693,798.305972969999,13389.75224749,19184.70647913,1443.98111726,76388.83871108,23276.66487517,99665.50358625,32849.71539675,132515.218983,132515.218983,59075.9914058762
2015-09,30300.60807821,28681.96195483,1618.64612338,38919.25543895,28261.50359527,2.5,10660.25184368,26.0,2539.3513264,195.87032895,4716.09770997,633.38599378,8741.7756829,1194.77914395,13495.0658086,19445.8648486,1518.74083349,74532.18227253,20832.32447289,95364.50674542,34077.91932071,129442.42606613,129442.42606613,56682.3894803058
2015-10,33033.52453084,31384.33860705,1649.18592379,38926.54137518,28745.09194731,657.0,10838.44942787,0.0,2900.24948099,176.82514562,5522.44769515,1760.66473097,8776.20202581,856.47313228,13840.27122357,19753.74687912,1457.16172848,78292.92096526,21892.54079703,100185.46176229,34231.6008512,134417.06261349,134417.06261349,59253.9566312296
2015-11,33023.17810403,31456.9665239,1566.21158013,38894.52454465,29144.66739965,603.3,10353.157145,500.0,2922.86270885,236.789477355,3312.8271946,564.51998039,8664.3393216,171.324965425,13865.33456635,19535.59896609,1636.1953669,76418.88806844,18965.67465152,95384.56271996,34104.7250752,129489.28779516,129489.28779516,55527.4580876306
2015-12,38175.90301809,36329.58379063,1846.31922746,42635.22464131,30312.19172098,667.0,12990.03292033,1052.0,3312.154637,225.06883252,5008.35331836,1778.59355478,10048.71760058,1578.05822326,13913.75717126,20043.05987769,1713.76949655,86463.04515389,24277.84773929,110740.89289318,34293.05994807,145033.95284125,145033.95284125,64465.833306
2016-01,40625.09583711,38578.36294413,2046.73289298,45662.22376226,32252.31493466,142.0,13551.9088276,719.0,3306.4810851,253.207652745,4858.66387996,409.65760194,9609.66876388,1122.297211535,20105.85535137,28638.07854175,1354.76053831,87241.06218195,25090.54583208,112331.60801403,50322.54330454,162654.15131857,162654.15131857,63955.4952137021
2016-02,30398.68185338,28294.16512032,2104.51673306,41647.7601947,28326.95923335,59.0,13379.80096135,526.0,3004.58611394,162.237749665,3509.87868154,1477.08498685,8751.45569524,548.552037275001,14537.40746991,21181.79113512,1525.37628616,75134.78209573,23346.66575676,98481.44785249,36321.82941661,134803.2772691,134803.2772691,55471.3416029468
2016-03,24454.03780872,21922.68741883,2531.35038989,45858.82443367,29835.99736809,111.0,16133.82706558,1626.0,2810.29052221,213.29075628,6604.48898039,355.03599737,9891.73655322,3386.01352107,14421.97235319,21712.61423707,1651.59324581,69622.39744557,31141.72862733,100764.1260729,36998.2431875,137762.3692604,137762.3692604,60674.6041178594
2016-04,23185.6996782,20572.01320575,2613.68647245,47858.14406733,33180.96966085,306.0,14983.17440648,1500.0,3034.70763282,220.35475528,12787.236188,1036.20655758,10428.98299733,2053.82892598,16069.36891534,24416.28724664,1800.97570381,73541.13171618,35663.39019665,109204.52191283,41605.18064393,150809.70255676,150809.70255676,66875.0092336044
2016-05,44320.8707473,41695.51071397,2625.36003333,45787.68345389,30904.33804054,160.0,15043.34541335,1687.0,2910.17411014,226.490204275,7892.13143064,5758.32239978,10222.10604192,1673.033589015,16865.28505133,24650.60904457,1812.55481293,96343.44865641,31250.16150657,127593.61016298,42750.99999466,170344.61015764,170344.61015764,73021.7014766954
2016-06,48969.95689898,46448.25144359,2521.70545539,47831.74899957,33306.48719194,300.0,14825.26180763,2200.0,3668.05879036,267.63384054,4930.99343809,3160.81393814,11227.43506213,1623.11170482,17000.91189579,24618.89042697,1737.9591272,102894.65037892,29213.11932034,132107.76969926,42488.96165642,174596.73135568,174596.73135568,74057.4399789496
2016-07,36221.21086168,33804.77968993,2416.43117175,47652.60794746,33455.02887096,739.0,14936.5790765,990.0,4151.78308985,270.075580315,7634.75371514,1742.58845793,12019.70746594,853.615887695001,23258.31478408,33197.7927266,1911.51314278,90628.56159616,32502.24151489,123130.80311105,56960.60041547,180091.40352652,180091.40352652,70683.4552777797
2016-08,34679.4610741,32214.86647558,2464.59459852,50845.58877125,34807.79134041,340.0,16377.79743084,1235.0,4368.30383382,259.95687285,4453.78763259,1710.15903283,10798.28574971,2287.67547841,17345.87012149,25879.88979247,1992.46155244,90973.26252758,30513.73586587,121486.99839345,44276.09995821,165763.09835166,165763.09835166,67973.5311374997
2016-09,34425.75015711,31985.75686132,2439.99329579,53856.67423375,38101.63557939,403.0,16158.03865436,1117.0,4698.61974854,326.223119525,5172.16245764,517.43208516,12063.18395547,1199.052663625,17533.03302245,26531.4995333,1971.43424591,93231.07722918,29853.26116925,123084.33839843,45232.91767382,168317.25607225,168317.25607225,69318.583431719
2016-10,35685.43957271,33462.64448035,2222.79509236,49254.4154541,34609.79357543,565.0,15209.62187867,1375.0,4920.04471201,266.92176627,4688.65865493,1547.38675027,11236.96597234,3924.07869249,17993.97560562,26325.20107447,2042.18046064,93970.49734149,27755.64252142,121726.13986291,45470.17230917,167196.31217208,167196.31217208,69332.3769237212
2016-11,37514.0909177,35274.22106131,2239.86985639,52361.70593828,37483.65969285,673.0,15551.04624543,1800.0,4715.8308559,376.367341725,5069.84305984,436.59003777,12413.07865829,12889.559817145,18666.98331259,27167.48118319,2053.82582065,106791.83273724,28495.19729297,135287.03003021,46985.63505619,182272.6650864,182272.6650864,81065.2074452717
2016-12,42426.85862719,40096.7085737,2330.15005349,54599.55908941,39854.85068138,2134.0,16878.70840803,208.0,5284.11830074,416.38256213,3906.52906379,1389.44628677,13006.47206712,93144.84690102,18944.4684507,27309.30663319,2100.4015269,199704.91313474,29070.34545514,228775.25858988,46766.91310331,275542.17169319,275542.17169319,166518.154626839
2017-01,43503.51786416,41305.90081353,2197.61705063,58545.88028373,44255.07055658,1761.0,16051.80972715,1661.0,5950.551778,422.22043922,6102.50287472,431.68750561,13058.8918385,9270.09169579,26471.57409568,37740.1625228,2178.79774005,115412.3878895,30243.51312731,145655.90101681,65757.48712873,211413.38814554,211413.38814554,84643.8426092023
2017-02,35345.85857293,33355.42898466,1990.42958827,53121.92340022,40082.12352921,1675.0,14714.79987101,1265.0,5144.3045691,661.2213393,1071.73081146,1250.4997731,12721.25883829,2838.38121694,19961.90493718,29965.30007749,2193.46231079,98436.06757191,22870.34522038,121306.41279229,50915.1580335,172221.57082579,172221.57082579,66058.2231850723
2017-03,32942.99701138,30342.70629109,2600.29072029,53405.70565585,36602.59187682,2400.0,19203.11377903,1327.09650898,5030.15980556,318.41565006,6138.37506915,473.07194186,12359.63916051,37833.96826979,20550.96209972,30621.15752796,2565.44353514,125431.51848191,34342.52554902,159774.04403093,52520.79815872,212294.84218965,212294.84218965,105469.139851776
2017-04,29603.98819042,27054.67933426,2549.30885616,60099.74682398,44238.52175723,1000.0,16861.22506675,1500.0,5551.03902993,346.649218325,9053.90845496,1233.17423746,12676.87266467,-837.710369005001,21138.95391212,33150.62163862,2327.30648435,97807.32469201,34604.84343618,132412.16812819,55536.82388071,187948.9920089,187948.9920089,73441.5062204262
2017-05,52277.47785175,49290.16283426,2987.31501749,59734.8839377,41823.12257615,1400.0,19311.76136155,2500.0,4941.04874854,688.283930615,6789.63392641,563.7215051,13338.07677867,765.544297985,21500.13996776,31582.28980746,2870.82173976,114978.48268626,36442.19996226,151420.68264852,54634.70940202,206055.39205054,206055.39205054,83044.8987739338
2017-06,62119.57308561,59146.71294025,2972.86014536,62109.04170116,43172.39841233,1100.0,20036.64328883,2300.0,5400.49503421,560.801031395,5468.70173215,4742.64527819,14385.35943835,4219.250540455,21391.99870758,31096.80885152,2534.82315284,135600.91100415,36803.62255871,172404.53356286,54188.12046861,226592.65403147,226592.65403147,93870.096532841
2017-07,50704.60348174,47653.63309753,3050.97038421,64239.9825209,45221.07537576,1330.0,20348.90714514,2300.0,5621.55905473,596.63473637,7892.51368,3326.29532204,15161.00431866,3260.48317258,29747.99035952,42822.00801722,2610.32382761,124148.85684284,39746.93970422,163895.79654706,73430.05027049,237325.84681755,237325.84681755,90973.1415799195
2017-08,47401.35563826,43898.05579126,3503.299847,69934.06801355,47871.69819819,1900.0,23962.36981536,2500.0,5947.36980199,368.98428307,6584.43675924,2011.33964129,14738.90991252,3032.59521955,22564.08953303,32971.10904593,2480.43328267,120777.55768564,42963.33017809,163740.88786373,57534.48661623,221275.37447996,221275.37447996,90905.9504387945
2017-09,51850.59585893,48624.17696417,3226.41889476,68471.04933945,47777.91574277,1950.0,22643.13359668,2500.0,6203.14969302,640.340343575,4980.43845056,2474.7762443,16331.16527502,2499.01030757501,23003.70309786,33219.76466462,2776.0709774,127297.51670422,38974.91727188,166272.4339761,57793.12104768,224065.55502378,224065.55502378,91249.646026273
2017-10,48788.4674105,45288.25907426,3500.20833624,69461.99818609,47277.61315242,1900.0,24084.38503367,2500.0,6588.86029703,698.391101085,3844.05486865,2649.78682142,14214.97971208,346.997840594997,23735.23692449,34527.76286995,2594.2710535,119030.71557997,40841.05438446,159871.76996443,59841.55580994,219713.32577437,219713.32577437,85626.1944721672
2017-11,47423.90178882,44048.52683695,3375.37495187,74273.73620715,51820.86220524,2090.0,24542.87400191,3500.0,6138.33832311,773.78991424,4478.94429634,920.12770639,16210.76368571,1636.38166385,24595.85814039,35021.64821417,2732.53352768,122289.4337908,41325.00404777,163614.43783857,60849.31872192,224463.75656049,224463.75656049,89149.320811178
2017-12,53060.63578762,50098.95026123,2961.68552639,71938.27080127,51971.80550562,2000.0,21966.46529565,1100.0,6300.31597717,809.25568319,3716.15819218,2088.00887344,17641.56062011,1292.95375531,24523.37157605,35018.02216217,2705.11390838,137789.5696599,36273.96683314,174063.53649304,61174.92343699,235238.45993003,235238.45993003,93324.7921816933
2018-01,48922.56585105,45057.45982184,3865.10602921,84972.32598179,60537.77569721,1750.0,26184.55028458,2000.0,6537.86900013,788.769909495,3644.60375304,610.5594799,16155.65465902,3152.216859435,34238.88505376,48637.19922637,3025.11386354,133069.21388491,43977.15659446,177046.37047937,84914.67062811,261961.04110748,261961.04110748,93581.0186610376
2018-02,45419.00529668,42109.19937693,3309.80591975,77705.21550892,57017.87194263,1500.0,22187.34356629,1500.0,6249.88187941,616.49934067,5623.2055044,663.59424561,16856.06832646,3514.2049744,25675.93049631,38647.75297793,2839.13906978,130988.64505814,38882.09081435,169870.73587249,65795.53152732,235666.26739981,235666.26739981,90318.5874916021
2018-03,48557.39069638,45027.51378635,3529.87691003,79964.9810083,57569.49870712,2200.0,24595.48230118,1500.0,5781.61212577,773.06864408,3063.0733595,1828.6727681,16549.98066252,1813.56807467,26307.08358135,39083.01771455,3107.69888478,131376.97635615,40159.28042968,171536.25678583,67299.69391158,238835.95069741,238835.95069741,89446.1631374589
2018-04,41591.3111149,37359.65610798,4231.65500692,82581.47051284,57740.72543427,1800.0,26640.74507857,5000.0,6935.04290422,924.943893405,8779.72239565,550.62656392,15275.43061507,-451.280309825001,26683.48595367,39877.05514735,3148.24940388,118498.90485909,49472.94338601,167971.8482451,68255.45447801,236227.30272311,236227.30272311,88381.4954793357
2018-05,76418.74684584,71742.63779718,4676.10904866,87324.23889683,57784.50660609,1350.0,30889.73229074,1700.0,6430.34436375,1031.291222215,10841.87422127,602.93739857,19066.14814792,6490.134472715,27532.72239495,39272.52835264,3235.32562482,167745.08348197,59074.04854044,226819.13202241,68601.8021591,295420.93418151,295420.93418151,115871.468569034
2018-06,90350.3899878,86227.87119048,4122.51879732,92127.48064242,63409.22608738,1000.0,29718.25455504,2550.0,5665.36819993,1609.393203265,10727.93307199,3574.73713927,20176.36099019,-10643.001092055,28391.53622286,39825.80302447,3133.30814657,173186.15229185,55878.33518888,229064.48748073,69788.80541263,298853.29289336,298853.29289336,124568.883499715
2018-07,59703.32522347,55072.8459271,4630.47929637,91454.07649523,60083.19591443,2850.0,34220.8805808,3900.0,5692.69685363,859.135318455,7354.82927872,1215.68986663,18738.90327655,3034.45783849501,36199.16243446,51568.4360881,3220.14832541,145268.34523387,59593.12805184,204861.47328571,89032.51524744,293893.98853315,293893.98853315,107848.110350129
2018-08,68700.87495202,63775.47470782,4925.4002442,98116.10089687,63155.14250803,1950.0,36910.95838884,3750.0,5411.85192402,954.778825215,6358.57216655,1771.55657171,20745.33628401,2636.265517755,28173.58319356,40129.22272891,3000.5981305,160798.35692943,62703.77958547,223502.1365149,69916.2695792,293418.4060941,293418.4060941,118848.62531239
2018-09,59397.78241562,54260.66735103,5137.11506459,103570.00835067,65674.61288578,1500.0,39395.39546489,3500.0,6057.4246615,970.415121685,13206.70366373,765.6169873,22268.17649316,1725.087185655,28658.51734429,40549.20829914,3199.67823948,153550.97238904,71617.11281491,225168.08520395,70649.55837279,295817.64357674,295817.64357674,125394.13284296
2018-10,63742.85074212,58199.77902419,5543.07171793,110762.41226611,73902.43464404,2500.0,39359.97762207,3700.0,6554.19755658,880.47347155,14051.08347805,1290.05802277,21510.46262682,2428.60762326,29955.78474257,42989.2104982,3119.43867225,165018.34403379,72866.44509153,237884.78912532,74624.0377271,312508.82685242,312508.82685242,131407.26690611
2018-11,65415.15763781,60921.82126162,4493.33637619,96792.0399651,73188.35965924,2500.0,26103.68030586,3350.0,6217.20681072,1047.733035955,14714.57216924,430.11890641,23562.22530563,2320.339001575,30230.94594647,43199.65751778,3209.46993644,169683.97712035,55843.73820161,225527.71532196,74591.65204982,300119.36737178,300119.36737178,125725.533265814
2018-12,73832.98497811,69745.41387333,4087.57110478,99209.93924902,77655.92475879,2500.0,24054.01449023,2150.0,7591.16190228,899.7898197,15794.18383039,1212.98586147,23395.18758743,2859.19668674,30302.59061479,43228.15245212,2796.74571682,190711.08091879,54301.27771967,245012.35863846,74909.09645692,319921.45509538,319921.45509538,133928.322536361
2019-01,71299.90267165,66534.42243819,4765.48023346,114742.43345116,90413.17887553,2500.0,26829.25457563,2520.0,7430.68964661,900.163078595,15572.57654339,400.30059751,24345.14749516,3117.545458395,43595.75470074,63638.95278476,3469.8437278,195650.29725419,59175.31292648,254825.61018067,109101.38752181,363926.99770248,363926.99770248,137557.718178269
2019-02,69441.18693691,65479.89792352,3961.28901339,103781.7785985,81666.95112996,2050.0,24164.82746854,1600.0,6850.95735445,696.780647215,17592.40776515,1185.53153457,24835.01850867,2747.312413355,34219.01227297,49798.50963535,3400.17848333,190256.42859748,54850.47587785,245106.90447533,85783.8165102,330890.72098553,330890.72098553,133636.33561066
2019-03,60690.0582997,56037.81314302,4652.24515668,108396.94998288,81867.93847976,500.0,27029.01150312,1500.0,6920.09291638,725.20355647,18166.37761637,345.99806673,22336.68153842,5986.25733893,34588.07826394,49119.69398792,3767.41993253,180546.43017089,61631.31731898,242177.74748987,85691.96438787,327869.71187774,327869.71187774,125727.810525127
2019-04,72782.95813502,67581.90084178,5201.05729324,117200.06304147,89469.8467392,3300.0,31030.21630227,2300.0,7011.32572074,804.70994624,23820.32997758,1172.84874209,23686.7278478,-251.313053999991,36992.03057364,56990.2206476,3364.94343703,193973.25496423,72099.99107404,266073.24603827,91289.03018903,357362.2762273,357362.2762273,141933.392104317
2019-05,129056.42911063,122835.10381036,6221.32530027,126173.4388278,86081.81077036,5300.0,45391.62805744,4500.0,6720.00972578,1031.787273,38425.09384827,535.76218709,28704.37508748,3989.26339595,37079.78843912,47768.34348706,3634.71588514,246718.90600372,106839.84236843,353558.74837215,90690.99939488,444249.74776703,444249.74776703,190271.363019176
2019-06,136853.52735506,131296.88988349,5556.63747157,127408.14749959,90943.12656621,2500.0,38965.02093338,3600.0,6815.80015459,1902.071984725,28222.96431352,6384.95235166,27330.99554068,6042.47888579501,37731.86454441,52696.41454799,3500.94378074,273951.14446137,88358.2034127,362309.34787407,92132.78955659,454442.13743066,454442.13743066,185577.275541669
2019-07,99001.15543185,92808.76854409,6192.38688776,131014.45526112,91344.21761772,4150.0,43820.2376434,2350.0,7038.07578485,1058.19701857,29325.7498541,2107.8874186,29232.0146799,3139.89401585001,51157.02681779,71759.85182355,3682.70595394,229969.87542512,96378.83084221,326348.70626733,124561.09587995,450909.80214728,450909.80214728,175428.181850393
2019-08,102676.97577113,95507.94697269,7169.02879844,141394.87150939,94224.25498643,4850.0,52020.61652296,2150.0,7137.8645169,925.893197125,39383.96632472,5588.99429555,31907.45552811,2853.449514405,39097.67379553,56257.15021845,3886.86377725,242984.64424011,117990.76812904,360975.41236915,97519.18593517,458494.59830432,458494.59830432,198316.161756984
2019-09,83699.15026645,76805.34695711,6893.80330934,139170.06907955,90670.99354216,2850.0,51349.07553739,1050.0,7871.26264575,1045.62301242,32147.98779848,1230.66813895,31545.61327693,3490.03642035,32563.05119528,54210.29353612,3340.78226388,223296.83816738,110546.26617073,333843.10433811,88168.55366629,422011.6580044,422011.6580044,182493.069404726
2019-10,79940.66514985,72312.2780499,7628.38709995,146250.95929567,97491.14617815,4400.0,53159.81311752,600.0,9638.8488118,1138.429061605,38791.45963134,5616.51324266,33977.82993792,3769.537635025,34936.6039936,58717.28158782,3833.60963295,230817.70008575,120388.09125582,351205.79134157,94965.97663596,446171.76797753,446171.76797753,196682.967827233
2019-11,88620.53284058001,82311.22912518,6309.303715399999,142641.87797115,105044.31017158,6100.0,43697.56779957001,1900.0,11381.62758611,1891.439778155,53763.51990398,1047.77774554,35769.2989889,3665.924772015005,42910.65836655001,61102.14410912999,3858.64168694,246257.87619584,122617.82315262,368875.69934846,105994.41395553,474870.11330399,474870.1133039901,212229.7669398309
2019-12,102458.69120537,96316.2060074502,6142.4851979201,134421.85784173,97983.3604888203,7200.0000000001,43638.4973529102,5200.0000000002,10726.3898742703,1114.46541905125,63099.4325123703,5566.5345106101,35888.0382862001,-3201.89238942815,47639.4227917401,61883.7067646009,3337.1416899607,251166.309514464,131306.143578582,382472.453093046,109894.176018396,492366.629111442,492366.629111442,224809.190157245
2020-01,96142.31989011,88895.62850491,7246.6913852,170695.56111151,122375.9876898,1883.0,50202.57342171,861.0,9107.61559452,1318.46228912,23979.27828226,869.24530095,35776.15107011,7900.79743826,60942.69860984,87380.72171464,4350.75415191,275334.29633383,100924.09232207,376258.3886559,151026.07351407,527284.46216997,527284.46216997,196352.840644436
2020-02,93116.37015769,87340.32036895,5776.04978874,141997.32863857,106414.08069562,4190.0,39773.24794295,584.0,12415.01624104,897.374502285,21099.77386808,5185.30989475,35248.77760134,4594.99556541501,48689.93346488,72151.79110134,4460.62884927,268560.51519648,80596.60017459,349157.11537107,122536.17478493,471693.290156,471693.290156,180317.186963707
2020-03,79462.26581371,73430.90066404,6031.36514967,136170.37587969,99168.67808335,6990.4,43992.09779634,600.0,8554.80024112,754.46047387,28999.1370794,1613.86208553,32316.5160607,4505.13140011,48533.85031982,69703.06741392,4233.64003819,228462.3119696,95245.17948898,323707.49145858,119929.16472472,443636.6561833,443636.6561833,171788.071874323
2020-04,73483.32453693,67130.42481641,6352.89972052,126884.2237046,87435.27955374,1643.0,41091.94415086,5020.0,5950.60141477,440.55155763,28172.08539518,7108.69480852,29436.48416436,3325.48272158,41380.85531574,56960.50360314,4620.52864072,208231.27487046,90007.27997414,298238.5548446,100420.16891045,398658.72375505,398658.72375505,157346.960246928
2020-05,141320.04898661998,134043.711993,7276.33699362,130755.87703122,89254.28416397999,3410.0,44911.59286724,4468.0,9321.14862403,818.5652063550001,24752.75552539,6791.03111918,35025.77662392,16045.771843104994,42532.623214260006,57067.36680912,4701.3176683500005,303294.27112335,94992.40178258,398286.67290593,101248.29021454,499534.96312047006,499534.96312047,191249.8364726604
2020-06,150240.68588726,142253.92025536,7986.7656319,141481.98325011,94522.83436845,2328.0,49287.14888166,2207.0,15469.90376817,456.63357769,36153.84228169,25002.05954383,33859.55177741,-8605.70910727,44938.0946514,65271.2391571,5612.40213746,321061.64226379,112151.98003097,433213.62229476,112749.15590855,545962.77820331,545962.77820331,223092.059330533
2020-07,107618.79812469002,99374.49197519,8244.3061495,144184.8957726,94276.30313167,3050.0,52958.59264093,3104.0,26416.560124630003,608.3940248199999,33034.16695684,9240.190121,37020.01769234,4411.223773560005,60954.7457547,84602.24370534,5287.59936964,299173.67035823,112354.35243846002,411528.02279669,147563.87465974002,559091.89745643,559091.89745643,212428.27405844608
2020-08,141115.24570727,133109.70666448,8005.53904279,157976.70891207003,107902.97734053,5300.0,55373.73157154,3000.0,13308.69635755,799.85396841,37023.40680885,43879.38426034,38506.07888204,6216.850314219999,48599.49123746,68735.13276118001,4700.760787929999,373153.3628292001,119905.39179565,493058.75462484994,119087.27190796,612146.02653281,612146.0265328101,245947.9164935221
2020-09,120644.64689835,111463.37020509,9181.27669326,170865.86913049,109002.83715059,4943.3,66806.3319799,3695.6,16509.05511251,893.0793167499999,46358.87765923,23006.23572434,40405.76875432,6457.813923130011,51132.03831076001,71449.96714769,4780.41341247,335774.7948885299,146513.22181940998,482288.01670794,124220.04806955002,606508.0647774901,606508.06477749,253039.39585560132
2020-10,140670.36512647,131034.6746624,9635.69046407,188017.73845756,123231.56377633,3738.0,68524.17468123,3032.0,14108.27128833,1046.9980623,39471.775785670005,38883.87989642,42743.13098054,7977.505442269998,52870.81789923,72141.57012242,4747.70342525,373678.26343756,142717.15641989,516395.41985745,125709.04544873002,642104.4653061801,642104.46530618,267665.57829615485
2020-11,156601.78307838,146786.67196075,9815.11111763,192369.68072034,123604.38635916,2600.0,71365.29436118,2600.0,17497.80447502,1073.240337385,40259.48146367,19511.43988473,45499.90570214,2832.13624141499,52722.36740579,74024.0081532,4780.58774443,374646.30354492,146535.67470543,521181.97825035,127794.31623761,648976.29448796,648976.29448796,272945.224581747
2020-12,166887.49510088,156324.72549404,10562.76960684,203984.85081002,132324.34826564,6100.0,77760.50254438,3010.0,16592.45637738,1441.87145341,28338.16508684,26290.27276089,46620.9583257,292.05885655001,54929.82306415,76339.54891143,4867.38641002,403638.70287731,143159.48842145,546798.19129876,132842.500202,679640.69150076,679640.69150076,279623.858747888
2021-01,149584.90993323,138275.7280181,11309.18191513,232831.60517127003,157595.06635565002,7500.0,82736.53881562,5500.0,17737.51161989,1605.02533899,79423.22034768,5652.266737100001,48171.01504891,3307.4261527599883,77305.32626690001,109321.70010447,4910.6806566000005,381453.01902502,203141.91402188,584594.9330469,188264.8844127,772859.8174596,772859.8174596,329236.7018399464
2021-02,146916.97003506,136010.04721387,10906.92282119,212043.37650199,139813.25436534,3600.0,75830.12213665,4800.0,19944.84763855,1205.07528574,64433.96069596,21124.71153556,45790.3910718,1276.76229267999,61931.55399185,92043.82391355,4757.32884734,383963.27785453,176742.07826543,560705.35611996,155890.08373892,716595.43985888,716595.43985888,308883.00580975
2021-03,140840.46218085,126543.38837998,14297.07380087,247490.15044750995,150380.72904602002,3100.0,100209.42140149002,4400.0,21452.16827724,1215.340261135,71242.96389322999,7290.590269480001,49548.90335932,9631.245939245013,64181.54800709001,93687.97545549,5451.28817989,382425.5239877,220732.28372895,603157.80771665,160700.01381972,763857.8215363701,763857.8215363701,335237.0771393058
2021-04,145979.70733483,131163.00849873,14816.6988361,250798.33102387,164395.50900986,1500.0,87902.82201401,5600.0,22013.36945981,1447.213975905,79771.25031242,33606.26286187,57249.37757446,4446.054168075,66503.70266202,100173.03522384,5062.26221077,433865.05388996,215197.08495034,649062.1388403,168819.98420375,817882.12304405,817882.12304405,362592.503399091
2021-05,214548.16539144,199370.00751341,15178.15787803,239693.84117235,151073.16555863,2700.0,91320.67561372,4850.0,17910.19429572,1808.064626215,91034.46710169,5241.02783073,58540.13367567,9547.55530559501,69596.91929961,101923.29483284,4654.08782439,461559.14851219,228551.09870767,690110.24721986,172369.6885166,862479.93573646,862479.93573646,384828.48708567
2021-06,221256.59773725,203032.52482878,18224.07290847,261725.49782702,155695.34372668,3000.0,109030.15410034,3000.0,20340.69932629,1318.194716705,86235.57262386,42034.15437836,58795.28999179,-4291.88477004501,69358.24792017,99914.24609857,4742.31178295,498098.40756046,252415.40232067,750513.80988113,172339.51166484,922853.32154597,922853.32154597,413431.749155442
2021-07,181315.33909114,163634.73176535,17680.60732579,269528.16072521,167756.05348889,4000.0,105772.10723632,5000.0,19080.45511085,1585.4773102,76592.51978456,7926.96761286,67216.01304038,3813.74385570999,98012.41662187,140266.84171605,5643.32852253,453747.40472898,239445.34953542,693192.7542644,240007.41348855,933200.16775295,933200.16775295,386422.214966489
2021-08,231332.51786868,214226.41157381,17106.10629487,277858.70976091,179940.90807256,6000.0,103917.80168835,5200.0,21366.07427255,1742.24598082,85873.25903755,53726.71174135,63923.2526416,6526.62175556,79298.08894882,112910.19629429,7231.97664673,567231.17037012,243176.0125335,810407.18290362,194898.88162698,1005306.0645306,1005306.0645306,435491.013496273
2021-09,205180.11631267,185371.90961898,19808.20669369,303774.6488763,192590.05168884,7000.0,118184.59718746,7000.0,22509.5275576,1688.365505175,73692.07996521,18103.19605634,72892.62013069,773.992669845018,82845.23254696,118492.48397579,6852.60864325,518493.93499844,254665.89329895,773159.82829739,203154.31418855,976314.14248594,976314.14248594,425797.237647712
2021-10,221846.29153815,203234.80324845,18611.4882897,285669.26275247,182586.05207072,10000.0,113083.21068175,8000.0,23452.4377782,1596.023011685,92819.80738955,38185.59739064,70828.19398504,3103.60024068497,84002.25415267,121545.50027679,6778.87168295,545519.71078832,265899.01568297,811418.72647129,207364.50692847,1018783.23339976,1018783.23339976,446785.225021876
2021-11,228249.97159633,208733.94535032,19516.02624601,312196.21068517,192110.19425926,7000.0,127086.01642591,5600.0,27257.97455654,2310.677446185,78674.13260525,13105.22571073,72197.85885977,7428.64821268502,87515.95440125,125246.49385574,6246.70331747,548658.43503544,269393.33323847,818051.76827391,216806.42785703,1034858.19613094,1034858.19613094,445495.201619644
2021-12,259595.07857695,236293.44398574,23301.63459121,349998.41563073,213944.19343986,7000.0,143054.22219087,7000.0,26920.08440217,2324.97722182,83324.15803107,32773.30855699,85260.81231551,20585.26215446,91554.92899463,129847.66141499,7450.02787224,655949.34419809,300983.5488529,956932.89305099,222956.92840183,1179889.82145282,1179889.82145282,511889.076695905
2022-01,238619.85187392,216209.15978269,22410.69209123,359213.57152698,228913.62184658,1000.0,131299.9496804,7000.0,29375.83404798,2106.7439613,68107.99695486,5541.61986538,79013.24784795,6310.69167013,124603.8154831,182132.04142234,7778.5269006,592368.2205031,269661.12281186,862029.34331496,309913.72044618,1171943.06376114,1171943.06376114,464814.670920436
2022-02,243350.53058806,222197.101533,21153.42905506,335525.23135604,216978.11722865,9200.0,127747.11412739,7800.0,28288.04513941,1677.085097295,110256.29476462,30404.48410778,78225.03052572,230.970290444992,102260.30947522,153555.44798835,8024.33097678,601202.00075157,306425.02404081,907627.02479238,258887.21581457,1166514.24060695,1166514.24060695,506358.012809167
2022-03,231162.49739859,203040.21503028,28122.28236831,384314.16498055,225265.93807108,9000.0,168048.22690947,6700.0,24647.51426607,2058.80771802,136587.36745369,9567.07207886,78603.71813214,17058.02462074,103275.3884027,156675.79764014,9084.77826667,585106.66342031,391818.68204958,976925.34546989,264163.61164723,1241088.95711712,1241088.95711712,553980.239895838
2022-04,265628.44761853,237218.51450444,28409.93311409,423795.1656435,272509.05247787,6700.0,157986.11316563,5400.0,29279.33409078,2032.44452379,97228.98363048,35402.51221574,93996.12083869,10018.07289651,113736.5580942,173582.85304777,8739.6729447,714474.34885967,336534.49749479,1051008.84635446,290586.50976542,1341595.35611988,1341595.35611988,567047.502867926
2022-05,434631.13550273,404347.53558657,30283.59991616,416664.37160334,251272.52203885,5500.0,170891.84956449,6350.0,32685.78358088,2825.13715254,130006.28992133,10420.94809139,92826.67662645,28191.70805587,121062.75266151,179007.56482878,8890.35284321,864042.55456861,384304.1620314,1248346.71660001,303023.24623375,1551369.96283376,1551369.96283376,657872.824145472
2022-06,464107.22889827,430352.19989543,33755.02900284,465273.31630771,278192.8329936,2500.0,189580.48331411,2450.0,30993.49043265,2540.852313275,95890.87956492,87520.75339122,112115.53436316,-3863.39136713497,124921.69030817,183947.30755226,9016.30903187,983971.6673392,381281.17230917,1365252.83964837,315648.46758201,1680901.30723038,1680901.30723038,713332.073633484
2022-07,396759.18120343,364526.58391978,32232.59728365,490805.63438862,300978.53790165,7650.0,197477.09648697,6270.0,31760.73152706,3060.93303261,110414.44785971,31773.77039619,124478.98853497,1127.19548220997,175041.80750927,254108.4652715,8956.97760957,911268.14322856,403705.05560776,1314973.19883632,430204.90582741,1745178.10466373,1745178.10466373,709819.598615113
2022-08,420040.33965119,385863.93574966,34176.40390153,518606.30334205,315223.88284275,8000.0,211382.4204993,10000.0,41341.97274974,2823.481330725,89134.80317814,55383.82451153,116590.12999396,11724.8875303251,140998.91241433,207394.26520531,9554.69169477,972138.30503884,405655.45767908,1377793.76271792,353525.72976143,1731319.49247935,1731319.49247935,718744.220494269
2022-09,430877.35611899,394265.47540775,36611.88071124,561655.80678641,361050.12762075,15560.0,216165.67916566,23000.0,38351.45260629,3435.010766595,434032.92668416,26642.13669794,138547.0067108,2073.93293305504,148503.18996427,217870.1365079,9404.04174941,999053.61923395,758951.85135052,1758005.47058447,369175.20330678,2127180.67389125,2127180.67389125,1090471.46914182
2022-10,507003.6760159,473739.68995835,33263.98605755,600050.60739254,399945.03845518,11000.0,211105.56893736,18000.0,41288.2821185,3158.252709235,107687.25935388,52888.53381858,132100.72124255,12042.190554125,157045.0937706,232918.26184572,8926.56959921,1150852.21861147,419922.23921281,1570774.45782428,393281.8947459,1964056.35257018,1964056.35257018,820759.701797328
2022-11,521007.25116829,488227.81619887,32779.43496942,613189.71952856,409545.97129756,7000.0,210643.748231,4000.0,47917.47880486,3863.009357375,51303.88154472,19213.33884384,138732.63861765,5228.744536865,168110.63088496,250968.00096487,10440.91017871,1158786.61260316,372575.33705293,1531361.94965609,422497.70819192,1953859.65784801,1953859.65784801,788576.971206787
2022-12,562229.89561182,530897.27467977,31332.62093205,662235.71224432,459800.15847179,10600.0,213035.55377253,13000.0,52831.83864747,4193.424183265,218766.43789487,57209.58593853,158143.81184286,11662.1693856851,174290.63344863,261402.14422575,10052.81677796,1330279.49461801,539026.6203145,1869306.11493251,438169.49067411,2307475.60560662,2307475.60560662,1028108.90654423
2023-01,471846.29124128,439204.18888185,32642.10235943,729271.10035303,533649.32506203,20600.0,216221.775291,13100.0,57124.42336028,4447.37988043,65105.16255652,23583.21196447,155948.64535644,11791.12002039,250997.43124623,380513.68005822,14456.2410822,1241614.45551228,387828.21176014,1629442.66727242,636519.13146272,2265961.79873514,2265961.79873514,839886.576890882
2023-02,465696.65430593,437043.48025268,28653.174053250004,691567.0393489599,516478.0720058499,11000.0,186088.96734311,12500.0,56083.95567563,3417.5102009800003,48666.13407096,59149.081997110006,157280.99091307,-4257.139439369988,201747.47915675,320150.15608072,15447.33791872,1271764.97581416,328418.30115562,1600183.27696978,526154.62028633,2126337.89725611,2126337.89725611,819257.0109587566
2023-03,447644.98538624,408024.4359409101,39620.54944533,847637.47562597,579883.33553482,12000.0,279754.14009115,21000.0,61111.48947656,4140.5725646050005,48320.81938638,25527.68531294,174607.42791792002,35993.887262875,214561.86542659003,340121.14812213,17678.135160910002,1314986.29431404,459211.15389249,1774197.4482065302,562744.936042,2336942.38424853,2336942.38424853,905671.5549389346
2023-04,499466.66416426,449373.51314493,50093.151019330006,921091.0230143,628358.16253601,18000.0,310732.86047828995,19000.0,66761.93510081,4335.571883485,50560.944174920005,59945.58683207999,186766.77935971995,14777.190823575012,232839.80486859,375493.8514950199,17147.231658669996,1443438.74595543,495941.84608433,1939380.59203976,612130.85740003,2551511.44943979,2551511.44943979,1016294.7781017324
2023-05,803737.00280042,737497.3983838499,66239.60441657,1018321.56150148,624811.0584883001,16000.0,409510.5030131799,14500.0,68035.80705921,6831.001231645,177420.27740207,29512.09215048,222666.61590505,24629.66720725499,252366.30419861004,400479.77418512,17881.55604611,1760195.28189516,758404.27590866,2518599.55780382,659854.0804768299,3178453.6382806497,3178453.63828065,1328110.6613467222
2023-06,812476.1439700301,742669.5889305901,69806.55503943999,1149173.56690614,736839.9792319702,21000.0,433333.58767417,19000.0,76179.30395126,5626.396831569999,181321.68027311,216865.80465031,233529.15105704,-20709.26711001004,272547.02966147,411571.2740285501,17936.30600641,2044866.96264373,797234.1778823601,2842101.14052609,675156.47649828,3517257.61702437,3517257.61702437,1495546.6563857936
2023-07,702577.2203143899,631837.44169436,70739.77862003,1178300.9763478502,770270.87243913,17000.0,425030.1039087201,19000.0,75217.84408274002,6691.70517831,62426.49813835,67239.41049682,257969.49573558,49734.64931153005,377656.6373359501,578922.8987230601,18904.70774105,1921541.36360601,672421.11331433,2593962.47692034,977235.55107555,3571198.0279958905,3571198.02799589,1318757.315594434
2023-08,868136.6238510499,780794.2494051899,87342.37444586001,1381544.96670148,850659.7666161701,15000.0,545885.20008531,19000.0,81458.10617394,6610.855652710001,107969.69181261,115146.52135213,277761.94825598,21289.51914148999,318410.26746605,489671.34995833,19328.3007935,2353082.75413298,894408.08237946,3247490.83651244,814940.9629720199,4062431.79948446,4062431.79948446,1685805.8374971864
2023-09,800305.2648328202,701208.71787054,99096.54696228,1612390.41851537,990796.37008494,16000.0,637594.04843043,26850.0,92449.47396078,7194.691332185001,169858.77000793,57212.69226257,316262.61494143,9078.149062704964,332706.19659366,492522.87765315,19372.11719525,2392578.44393489,1079897.78408616,3472476.22802105,830858.9033537799,4303335.131374829,4303335.13137483,1852959.7087308087
2023-10,948529.07231346,858791.23795284,89737.83436061999,1517544.2125231302,955621.7872194098,21000.0,582922.4253037199,34000.0,113829.36433528,8133.2651664700015,118811.88935905,93408.6656992,353536.36345493,25291.256512820008,359582.747045,513306.3155231,19840.83940813,2615158.432111,969814.32310653,3584972.7552175303,881122.73410478,4466095.489322309,4466095.489322309,1880680.7236771784
2023-11,915880.31134405,830720.05974959,85160.25159446,1665239.93471306,1114040.78194068,10500.0,561699.15277238,13000.0,117224.47537846,11171.028456279995,101373.94069248,89434.38622319,382565.67746912,11707.41486388,402915.4410492,611828.9680566901,19695.90066695,2749667.12696957,911071.69573113,3660738.8227007,1018871.0346763398,4679609.857377039,4679609.857377039,1927130.5612977943
2023-12,1046363.21267084,926987.77546815,119375.43720269,2079428.0379071403,1336236.1766950402,17700.0,760891.8612121,23000.0,147792.55446258,10022.641908925,412892.85951165005,150917.34096384002,427270.41465046,24001.055581245048,423153.72228442,665456.35660927,21263.43130291,3329592.6725212904,1502194.77361926,4831787.44614055,1090899.73872044,5922687.18486099,5922687.18486099,2573534.0624491363
2024-01,1021902.75029123,822442.50574255,199460.24454868003,2850797.2580764503,1604347.6970647702,25000.0,1271449.56101168,30000.0,171215.89963111,12815.342520445,645168.01848032,32552.081508910003,463278.38607327,26406.069125885017,637396.44078919,1016656.15448934,28346.399247400004,3558663.419273789,2475463.62561376,6034127.04488755,1665760.34036544,7699887.38525299,7699887.38525299,3341838.446450271
2024-02,1092286.27605908,939289.75652317,152996.51953591,2673177.70231514,1747398.88439912,20000.0,945778.81791602,31000.0,154801.35602462,11154.752384335,280580.61691608,76362.66421801,571060.9586901101,26170.884942364995,561989.11701231,978177.54486916,35454.11209418,4080091.60521044,1620353.79725879,5700445.40246923,1548868.51975034,7249313.922219569,7249313.922219571,3017251.110945306
2024-03,1056715.95079666,897231.41101115,159484.53978551002,2818322.11065707,1838459.01295584,16000.0,995863.09770123,36000.0,205012.52395251,14227.670233205,310087.73245756,17034.967169220003,600613.254734,-15714.101531715016,615111.1908060901,1113727.04333301,40401.04796525,4267788.58226856,1718411.15908478,5986199.74135334,1740258.95025445,7726458.691607789,7726458.69160779,3230870.791289581
2024-04,1249072.1898291102,1069895.1118299,179177.07799921,3280468.82666492,2165950.7540472904,46000.0,1160518.07261763,84000.0,209206.59238044004,13146.131946305,318427.96888817,80089.1943547,611962.5726064399,95076.42239009505,705928.68338541,1221482.52005088,40230.89423493,4752901.08896144,1968823.3555034,6721724.44446484,1942088.72844741,8663813.17291225,8663813.172912251,3599330.572238684
2024-05,5511952.106611621,5323889.58017892,188062.5264327,3097295.5372332,2003516.7000541696,90000.0,1183778.83717903,122000.0,162207.25981248,36016.395885754995,751208.34146971,24671.06810942,638994.29134008,47514.02472896503,835296.61467867,1365129.58749275,33606.79198674,8758908.79872882,2411237.65161212,11170146.450340942,2209300.04379154,13379446.494132482,13379446.494132478,5667984.867038138
2024-06,2516053.33423657,2354592.6101073297,161460.72412924,3394161.9259518804,2398373.86090365,17000.0,1012788.06504823,-17000.0,204328.22228167,20217.413396365,429614.38530202,320253.3029195801,885662.2896294,19346.463237594915,865901.3165363199,1375808.57163304,38018.27531992,7178857.43489149,1870857.20354826,9049714.638439752,2247934.5660249903,11297649.20446474,11297649.204464745,4799594.497598054
2024-07,1930490.1954190305,1715308.8201773404,215181.37524169,3736331.87077032,2439449.62730188,40000.0,1336882.24346844,40000.0,219210.43863138,22526.043392405,562104.19137936,24087.586920830003,881510.4929259298,83200.62549129497,1241677.8411018702,1967077.41797955,47582.41382324,6200593.86631241,2485199.7553442903,8685793.621656701,3224753.91556625,11910547.537222948,11910547.537222952,4778155.178637386
2024-08,2140461.13194609,1950680.57221122,189780.55973487,3891618.90909641,2747933.07788163,64000.0,1207685.83121478,44000.0,267987.62716677,15831.950156205,435719.98190095,291879.91528156,919247.61218107,55965.930122415,985570.90450543,1571757.59065361,62990.10237481,7011515.24025212,2179536.55109174,9191051.79134386,2573079.57005607,11764131.3613999,11764131.3613999,4925543.20775613
2024-09,2154299.09469685,1906260.39393732,248038.70075953,4155790.60619736,2629156.36038598,54000.0,1580634.24581138,52000.0,263548.94051229,14050.78737008,539861.97792714,977718.50693892,874179.28750774,120203.94170231013,1016334.28184128,1630478.6170881598,61912.882950750005,7362744.00811744,2810624.74278129,10173368.75089873,2671087.9253392,12844456.67623793,12844456.67623793,5351590.699481756
2024-10,2207143.89344245,1948125.95503341,259017.93840904,4384271.89380836,2814313.53072498,74000.0,1643958.36308338,40000.0,266676.00149624,14173.13662977,575605.5522340101,229038.36504452,951252.10071269,14935.655556229802,1083112.2022986498,1721315.87860657,86377.98727511,7002531.86957158,2947080.49557147,9949612.36514305,2830768.40709101,12780380.77223406,12780380.77223406,5350291.974302508
2024-11,2628648.086968109,2404486.109568329,224161.97739978,4269832.656759851,2899620.14871109,64000.0,1434212.50804876,50000.0,303828.33299244,23120.016950825,590262.14892457,122752.82775401,1004538.97093804,33781.15650005522,1139111.07616002,1784931.9962829703,62403.54042563,7413084.930414421,2666084.7295858096,10079169.66000023,2947261.17240825,13026430.83240848,13026430.83240848,5423532.32809699
2024-12,2559542.87384079,2318569.05949387,240973.81434692,4475623.18613122,3023073.4514884003,111000.0,1563549.73464282,69000.0,315897.5672312,16596.594192065,591544.25989418,91672.75565806,1014834.82551891,20006.841161184857,1174701.5139009,1825700.3889672493,84129.40255249999,7149970.86564597,2855420.8669551,10005391.732601069,3009790.94492041,13015182.677521478,13015182.67752148,5367898.301548348
2025-01,2570019.9034962603,2285083.623795209,284936.27970105,5337719.1659588,3541998.27235467,69000.0,1864720.89360413,68200.0,321267.49669123,19961.95809656,544856.86677203,47955.30167677,1067669.8251369,97391.70534420012,1656854.1016375702,2627792.83648744,71132.10768475,7444397.39151799,3266325.32281857,10710722.71433656,4320970.37236098,15031693.08669754,15031693.08669754,5670645.9932316765
2025-02,2615716.4699718403,2350308.46323315,265408.00673869,4755088.23402986,3084777.55639022,50000.0,1720310.6776396402,50000.0,302696.78350380005,18050.20781296,541000.44051798,67600.58527759001,995683.94612134,76064.94536896996,1278771.70300732,2091510.20691193,77189.95464801,7077295.55547385,3049575.04587052,10126870.601344371,3393966.5036398303,13520837.1049842,13520837.1049842,5367104.772776922
2025-03,2227921.78717248,2043063.27048962,184858.51668286,4367980.508528581,3033538.15196795,62000.0,1396442.3565606305,40000.0,275966.3243549,17751.849021485003,589466.81952419,31225.495537640003,942729.4383427,120629.62638226524,1302099.44929875,2133353.01873141,81365.19575537,6603467.546621821,2664655.7005336406,9268123.24715546,3465193.9369548103,12733317.184110267,12733317.18411027,4980667.629226887
2025-04,2450378.75516052,2250667.67997857,199711.07518195,4714092.50512235,3307418.83173102,60000.0,1466673.6733913298,29000.0,271797.07124776003,20774.217546735003,662351.79979294,58752.74808694,1055300.0080158398,29230.735522305,1337675.74587996,2230271.67564581,82819.45947086999,7196792.700211849,2887759.83837572,10084552.53858757,3597218.42938885,13681770.96797642,13681770.96797642,5475300.206280605
2025-05,4779705.90812442,4573918.4946562,205787.41346822,4388329.55856886,2996969.91909468,70000.0,1461359.63947418,40500.0,257582.98508301,35159.814382155004,694549.8904716,39848.11436445,1126693.94457768,102852.8823680951,1358624.9803053795,2233820.02888676,85284.866941,9334699.89167478,2902772.5766808297,12237472.468355613,3625389.92836777,15862862.396723382,15862862.39672338,6327252.132047365
2025-06,2885544.58258133,2695275.6688624504,190268.91371888,5109748.39748685,3701353.33855017,50000.0,1458395.05893668,45000.0,257438.41322922,21601.781262345005,1219813.12517925,1169054.1015065,1074977.58485889,72249.31571863506,1368413.29539756,2161891.91758884,85070.82888318002,9260349.88343454,3384295.6205860404,12644645.50402058,3539820.19065645,16184465.69467703,16184465.694677029,6816832.310524623
2025-07,3102870.59573402,2882405.6088619498,220464.98687207003,5139093.786164531,3459025.6463698,53000.0,1733068.13979473,32000.0,231436.04454788,26776.32581401,1155934.06102401,101108.48469336,1301601.18972167,132014.94041832996,1864652.5364562296,2956541.95693364,90627.88021745998,8375913.89082824,3755071.47759007,12130985.368418312,4867959.162585979,16998944.53100429,16998944.53100429,6715981.655072356
2025-08,3193854.68844959,2975424.9315857296,218429.75686386,5327443.48483036,3716358.3728251695,65400.0,1676485.11200519,66000.0,278025.58830657,24795.253601285003,398147.37388188,110408.05457449002,1252200.1159749902,115010.76460224453,1410213.16802983,2222357.50466195,94215.65489731,8788870.37325354,2905175.1171988305,11694045.49045237,3665062.7041133,15359108.194565669,15359108.19456567,6112242.828743839
2025-09,2922610.13147622,2677569.26278768,245040.86868854,5485549.17933712,3485022.252291989,64500.0,2065026.9270451297,67000.0,228946.14920491003,26051.97867362,562891.64673822,97227.59123188,1206748.97569848,132967.30208671006,1415752.1927184998,2221014.11620556,98747.39960568,8138795.6357544,3632983.37260189,11771779.00835629,3673196.66241896,15444975.67077525,15444975.670775251,6274468.177934221
2025-10,3277944.16375059,3009707.22996257,268236.93378802,5773181.9686388,3819254.20155545,286000.0,2239927.76708335,71000.0,324212.46356551,24633.39787553,257099.65595732,96702.17816029,1342984.65365271,123058.94321805,1439363.5907369,2285521.5146236,101354.94344789,8769770.75327524,3635532.87827775,12405303.631553,3760438.01997893,16165741.6515319,16165741.6515319,6486463.29570551
2025-11,3355886.42141116,3157150.53058842,198735.89082274,5461512.696057361,3605727.99516384,-141000.0,1714784.70089352,50000.0,348229.21560993,30657.568948519995,240206.54583224,58173.77894668,1249678.3354537298,33533.51130048931,1475878.3596623498,2331241.83278052,99144.23592057,8971757.50307346,2800613.4607900903,11772370.963863548,3825860.91033749,15598231.87420104,15598231.87420104,6146909.348752033
2025-12,3680713.01013076,3475807.51133577,204905.49879499,5436359.85834965,3781673.81026136,92000.0,1746686.0480882905,50000.00000000001,310946.86904817,28248.163188185023,325272.7805073,97206.57000619,1379095.90655975,214381.8868758453,1489887.5841595605,2368547.37527279,104938.75896236,9712141.526048051,2916518.3013480003,12628659.82739605,3898607.99775384,16527267.82514989,16527267.825149892,6499024.395111474
2026-01,3403974.86798718,3180074.2338858293,223900.63410135,6213245.208159331,4535436.48466519,45000.0,1722808.7234941402,45000.0,346279.18558712,32118.26807695,426834.2219038101,54748.38055997001,1407917.83565229,92000.6159876597,2087938.24820357,3361354.9807062405,104799.2753988,9856698.22164983,2981625.5966308,12838323.81828063,5499301.212061161,18337625.0303418,18337625.03034179,6704681.745446134
2026-02,3432248.61182669,3249553.29633948,182695.31548721,5405500.66314863,3961513.3694546,0.0,1443987.29369403,0.0,335800.61059118,28534.89504126,434294.35075086006,77607.12408694,1221839.26645186,31339.78797733,1587561.02660315,2656281.52946039,112028.56990113998,9411406.56842228,2535902.8857539496,11947309.454176228,4284520.427408379,16231829.881584609,16231829.88158461,6197854.485453585
2026-03,2609519.4290295504,2403938.8411664004,205580.58786315,5619606.898735501,4019510.89746486,63000.0,1663096.0012706402,66000.0,314804.75195115,37162.84061380001,503612.20513302,37464.6518469,1304385.52761816,225423.5192516496,1653338.84508062,2756939.453255529,118145.88707179,8702521.378018528,2917262.05227938,11619783.430297911,4451244.96691276,16071028.39721067,16071028.397210669,6071504.085388996
2026-04,3136961.1910653003,2878736.593492,258224.5975733,6049934.24138718,4321269.13444505,55000.0,1783665.1069421305,80000.0,283695.82418864,31570.720886155,574547.00665685,65782.80542469,1426170.25643885,184553.1424136848,1687095.8709575702,2823705.31818502,117300.34202304,9612626.67648198,3235333.8925183304,12847960.569000307,4552872.73758588,17400833.306586187,17400833.306586187,6781628.5078606615
2026-05,8023476.644126261,7808825.04311596,214651.6010103,5380373.9139359,3875021.76764168,80000.0,1585352.14629422,100000.0,277754.1821813,44706.685384790006,567117.49637221,77898.23666333,1447456.61054675,155698.6536684602,1723176.09931532,2844970.48071029,115830.92592747,14023542.752607629,2876668.83910024,16900211.591707867,4613376.30553219,21513587.897240058,21513587.897240054,8359321.28260299
2026-06,3211778.29088265,2972869.80896148,238908.48192117,6549321.5651101805,4740105.15904845,37000.0,1846216.4060617296,60000.0,276062.76113024,35879.20685735,881128.1100109201,1709457.53783473,1432017.08089032,171567.64134614952,1752880.0974262303,2810396.68172744,119392.36278467,11895299.9909627,3532604.56990027,15427904.56086297,4589199.39872875,20017103.9595917,20017103.95959172,7997807.54240186
2026-07,5111218.57806917,4842179.25807218,269039.31999699,6825626.32759629,4890240.366477881,24000.0,1959385.96111841,32000.0,278959.37568555004,43113.55659407,1192117.2170227205,171055.75479705003,1545028.9285737998,315598.2149152602,2404752.98726815,3849514.95063064,119054.38293834998,12640577.95556934,4024143.23160705,16664721.187176391,6300720.266910791,22965441.454087183,22965441.45408718,8706376.83392344
