,gasto_primario,resultado_primario,resultado_financiero,ingresos_totales
2004-01,6860.8,1588.6,1363.6,
2004-02,6454.4,999.1,-26.1000000000003,
2004-03,7827.9,1401.6,1038.1,
2004-04,6905.7,1678.7,1329.5,
2004-05,9016.3,4378.1,3824.3,
2004-06,8787.1,1800.3,1513.2,
2004-07,9844.8,1656.2,1452.5,
2004-08,7880.8,1939.0,864.9,
2004-09,8326.2,1386.8,1053.7,
2004-10,8246.1,1510.0,1263.0,
2004-11,8614.5,1085.7,357.600000000001,
2004-12,12343.4,-2063.3,-2376.5,
2005-01,8448.1,1642.5,1455.2,
2005-02,8483.9,1389.9,183.700000000002,
2005-03,8891.1,1234.9,890.7,
2005-04,9118.3,2244.3,1899.6,
2005-05,10634.7,3307.2,648.9,
2005-06,11333.7,1804.2,768.500000000001,
2005-07,10385.2,1836.8,1679.4,
2005-08,10131.9,1845.5,380.9,
2005-09,10618.7,1617.0,909.999999999998,
2005-10,10860.5,1144.1,700.3,
2005-11,10632.2,1570.8,861.100000000003,
2005-12,13796.5,24.0000000000006,-960.199999999999,
2006-01,11586.0,1603.0,1335.4,
2006-02,10876.71,1904.49,209.49,
2006-03,11459.0,1404.1,682.0,
2006-04,11664.8,1533.6,1091.7,
2006-05,12614.7,3906.1,3562.0,
2006-06,14406.5,2243.2,1153.7,
2006-07,13699.6,2088.2,1824.4,
2006-08,13566.0,2207.5,-91.1999999999997,
2006-09,13149.1,2212.6,1436.5,
2006-10,14264.3,2142.4,1429.1,
2006-11,15007.7,1640.4,1359.7,
2006-12,17668.5,279.199999999999,-2369.8,
2007-01,12278.5,1635.4,766.9,
2007-02,11327.8,1968.0,87.3000000000016,
2007-03,12373.4,1485.9,295.499999999999,
2007-04,11747.5,1617.4,636.600000000001,
2007-05,12521.22,5354.68,4966.88,
2007-06,15799.5,2302.5,1100.9,
2007-07,16504.0,2576.8,1520.6,
2007-08,14123.2,2718.2,891.899999999999,
2007-10,15551.9,2168.1,682.8,
2007-11,15451.5,1912.4,1524.9,
2007-12,19986.9,-1198.9,-5241.4,
2008-01,18165.6,3389.3,2417.5,
2008-02,16034.8,3178.9,1549.8,
2008-03,16361.1,2275.8,851.400000000002,
2008-04,17969.1,2789.9,1611.1,
2008-05,17681.9,6026.3,5697.1,
2008-06,20019.0,2649.3,1258.5,
2008-07,21302.7,4022.1,3242.2,
2008-08,19829.2,3702.9,2627.3,
2008-09,20375.6,3532.1,2208.3,
2008-10,22275.1,2608.8,1080.4,
2008-11,19879.7,1916.6,1570.1,
2008-12,27357.1,-3563.3,-9458.9,
2009-01,22251.6,2002.8,1045.8,
2009-02,20654.8,1603.9,638.700000000001,
2009-03,20752.02,896.080000000001,-732.819999999999,
2009-04,21577.5,843.999999999998,-1715.1,
2009-05,23519.5,914.999999999999,668.999999999998,
2009-06,28133.1,909.700000000001,-1640.2,
2009-07,27019.4,766.400000000001,-570.299999999998,
2009-08,24199.4,540.4,-244.100000000001,
2009-09,25470.8,224.100000000002,-2179.7,
2009-10,25445.2,702.699999999999,-1839.2,
2009-11,26988.9,2802.6,2325.6,
2009-12,36231.3,5077.9,-2888.80000000001,
2010-01,27096.1,1039.1,439.3,
2010-02,27323.1,1207.8,-309.900000000001,
2010-03,29072.1,1224.3,-1198.09999999999,
2010-04,28967.8,1883.9,-1016.5,
2010-05,31811.5,3016.9,2575.1,
2010-06,36085.8,2716.2,-293.399999999997,
2010-07,36598.5,3913.3,2674.6,
2010-08,32805.6,2722.3,2275.2,
2010-09,36086.0,3228.9,-71.8999999999978,
2010-10,36867.4,3057.8,778.600000000004,
2010-11,39948.3,3307.3,2116.6,
2010-12,50507.3,-2202.7,-4901.7,
2011-01,37753.0,2105.2,88.0999999999981,
2011-02,35053.3,1442.7,876.800000000002,
2011-03,38094.8,1298.1,-1313.0,
2011-04,39037.6,1972.9,-411.799999999997,
2011-05,43264.0,3140.0,1897.9,
2011-06,49307.4,933.800000000003,-3307.8,
2011-07,50962.5,387.699999999993,-196.000000000007,
2011-08,47025.4,431.900000000006,-1013.69999999999,
2011-09,51171.9,449.0,-1902.0,
2011-10,51897.0,446.000000000002,-2977.0,
2011-11,45723.2,425.899999999995,-50.4000000000042,
2011-12,60535.2,-8112.6,-22354.0,
2012-01,51922.2,622.39999999999,-2815.10000000001,
2012-02,46833.2,698.399999999999,95.4999999999991,
2012-03,55061.8,848.600000000004,-2392.3,
2012-04,51814.4,1061.39999999999,-1863.30000000001,
2012-05,55373.5,2389.7,108.199999999995,
2012-06,65758.1,-726.199999999994,-3766.6,
2012-07,63874.5,528.699999999994,-2884.30000000001,
2012-08,60291.63,777.170000000013,17.570000000012,
2012-09,61323.0,534.799999999989,-2589.70000000001,
2012-10,65456.8,660.500000000008,-4050.59999999999,
2012-11,63343.6,-723.299999999998,-2273.9,
2012-12,81809.1,-11045.8,-33148.9,
2013-01,64542.5,815.699999999994,-1582.50000000001,
2013-02,62868.0,204.000000000003,-526.299999999998,
2013-03,66430.9,438.300000000005,-3575.7,
2013-04,69132.7,1445.7,-3065.9,
2013-05,75354.5,1667.3,-660.200000000002,
2013-06,83854.8,156.199999999992,-4378.60000000001,
2013-07,86278.7,803.500000000012,-2725.09999999999,
2013-08,80408.1,912.499999999992,-750.500000000007,
2013-09,88132.4,412.499999999989,-4842.10000000001,
2013-10,89589.7,-2758.3,-7279.90000000001,
2013-11,86221.0,-6678.7,-9469.4,
2013-12,109007.0,-19897.7,-25621.2,
2014-01,94078.9,798.499999999984,-3052.10000000002,
2014-02,90775.2,-5627.10000000001,-7761.60000000001,
2014-03,88379.8,3569.5,-4366.2,
2014-04,102064.6,671.700000000002,-4276.6,
2014-05,105139.1,3076.4,-1158.2,
2014-06,130755.49,-286.789999999999,-16676.59,
2014-07,121941.4,767.900000000002,-1176.9,
2014-08,119924.0,868.700000000003,-1877.2,
2014-09,126639.3,-4257.8,-13284.2,
2014-10,124179.0,-15194.8,-20799.3,
2014-11,124925.7,388.299999999997,-3393.7,
2014-12,163324.3,-23336.4,-31897.3,
2015-01,124736.0,-4814.69999999999,-13463.0,
2015-02,121768.2,-15131.0,-16392.7,
2015-03,128010.1,-22183.7,-27894.7,
2015-04,144214.4,-18591.8,-24103.4,
2015-05,135126.4,-8180.0,-17300.5,
2015-06,190651.6,-21772.8,-32981.5,
2015-07,163979.5,-8831.3,-9736.4,
2015-08,150704.4,-17842.5,-20202.1,
2015-09,158315.1,-20817.3,-28976.8,
2015-10,158171.6,-21508.2,-26762.0,
2015-11,157698.2,-21943.6,-26838.8,
2015-12,212929.1,-42977.7,-59108.9,
2016-01,145579.8,740.700000000011,-2197.09999999999,
2016-02,151962.9,-16642.4,-20536.7,
2016-03,194454.4,-30012.1,-41832.2,
2016-04,170611.8,-10893.5,-17074.9,
2016-05,196745.3,-11974.2,-23993.6,
2016-06,244302.0,-44008.0,-72587.3,
2016-07,207330.9,-24366.3,-27584.2,
2016-08,211024.3,-35415.5,-38775.4,
2016-09,220680.7,-37017.3,-48995.8,
2016-10,250020.8,-61868.3,-77500.4,
2016-11,220144.2,-13299.7,-19858.1,
2016-12,386629.0,-58768.9,-83849.8,
2017-01,205259.9,3587.20000000001,-5555.9,
2017-02,215524.0,-26746.8,-29999.8,
2017-03,237484.3,-18184.2,-35081.5,
2017-04,236447.1,-18663.6,-49011.9,
2017-05,244152.0,-27239.4,-44045.2,
2017-06,218688.4,-57038.8,-91852.2,161649.6
2017-07,254982.0,-22089.6,-32720.9,
2017-08,251882.9,-24650.6,-31545.2,
2017-09,261642.6,-31353.1,-51176.6,
2017-10,264896.6,-32494.8,-61931.6,
2017-11,268901.0,-29661.5,-46021.0,
2017-12,419519.5,-119607.1,-150107.7,
2018-01,238329.3,3928.6,-25889.4,
2018-02,240865.1,-20227.6,-27737.7,
2018-03,279823.0,-14701.9,-37895.9,
2018-04,199201.6,3928.59999999999,-25889.4,203130.2
2018-05,217232.6,-7817.80000000001,-27339.2,209414.8
2018-06,199201.6,3928.59999999999,-25889.4,203130.2
2018-07,246898.5,-14279.6,-62379.8,232618.9
2018-08,233290.1,-10356.4,-14517.3,222933.7
2018-09,250531.9,-22854.3,-55858.2,227677.6
2018-10,262365.2,-16585.9,-78326.6,245779.3
2018-11,267559.7,-33770.2,-72884.2,233789.5
2018-12,378076.8,-135316.2,-192774.2,242760.6
2019-01,314942.9,16657.6,-60037.9,
2019-02,306025.2,6726.4,-4905.90000000001,
2019-03,354411.3,-13037.0,-49838.4,
2019-04,356609.4,498.500000000033,-66072.9,
2019-05,369270.5,25973.799999999996,-38634.2,
2019-06,264995.4,16657.6,-60037.9,281653.0
2019-07,264995.4,16657.6,-60037.9,281653.0
2019-08,264995.4,16657.6,-60037.9,281653.0
2019-09,357060.1,-25368.2999999999,-76224.1,331691.8
2019-10,466697.3,8526.90000000005,-64247.2,
2019-11,476839.4,-6396.99999999995,-73666.2,
2019-12,747608.6,-120143.2,-225402.8,
2020-01,500387.2,-3766.00000000005,-90818.1,
2020-02,482598.1,-27497.1,-67577.7,
2020-03,616331.3,-124727.70000000001,-166305.0,
2020-04,791357.9999999998,-228821.59999999992,-266049.49999999994,
2020-05,861187.2400000001,-251287.02000000002,-308219.12000000005,
2020-06,1002718.6,-253706.19999999984,-288565.1999999999,
2020-07,799143.7,-155523.80000000005,-189089.40000000008,
2020-08,749737.4,-89499.4,-145552.00000000003,
2020-09,838515.6,-167181.5,-212020.2,
2020-10,736529.9,-81626.70000000001,-112696.00000000006,
2020-11,713464.3,-58692.79999999999,-127029.3,
2020-12,1144732.0,-307627.5,-318909.0,
2021-01,720348.9,24073.5999999999,-3030.30000000008,
2021-02,723993.3999999999,-18757.20000000002,-64316.499999999985,
2021-03,835789.4000000001,-74465.70000000006,-117060.70000000006,
2021-04,818243.2000000002,-11444.900000000009,-57032.20000000004,
2021-05,926114.3000000002,25713.599999999846,-64618.30000000012,
2021-06,1350546.8,-153217.29999999996,-207947.29999999993,
2021-07,1078837.9,-98570.30000000002,-163155.69999999995,
2021-08,1155254.0999999999,-124835.4999999999,-193393.1999999999,
2021-09,1155434.5999999999,291428.4,237250.50000000006,
2021-10,1304487.9,-209168.69999999992,-277094.19999999995,
2021-11,1241246.9000000001,-134652.89999999982,-242089.1999999998,
2021-12,2108303.0,-496343.5999999999,-511994.5,
2022-01,1090285.7,-16698.0,-150663.8,
2022-02,1218700.8,-76283.49999999994,-136898.79999999996,
2022-03,1486286.9,-99753.30000000008,-172029.30000000005,
2022-04,1615016.0000000002,-79184.80000000016,-146314.6000000002,
2022-05,1811038.0000000005,-162411.7000000001,-242432.50000000006,
2022-06,2233052.5999999996,-321644.4000000001,-396577.4,
2022-07,1697114.9,-1945.3000000000757,-131662.80000000008,
2022-08,1821242.6999999997,-210051.79999999967,-370104.3999999996,
2022-09,1972720.8000000003,80624.3,-4444.1,
2022-10,2040324.4,-103049.1,-185251.4,
2022-11,2132372.0,-227838.3000000001,-531277.1000000001,
2022-12,2996846.3,-441511.99999999965,-685100.8999999997,
2023-01,2343085.2,-203938.30000000013,-537969.7000000002,
2023-02,2307062.0000000005,-228134.00000000023,-485590.9000000002,
2023-03,2566573.5000000005,-257855.50000000017,-388005.8000000002,
2023-04,2854731.3,-331372.7999999998,-407387.99999999977,
2023-05,3307902.9000000004,-247650.90000000002,-631071.8,
2023-06,4592187.0,-611742.4999999994,-708603.3999999996,
2023-07,3651342.4000000004,-334365.99999999977,-754243.1999999997,
2023-08,3687269.71363745,-36964.399999999965,-384504.5,
2023-09,4445194.7,-380473.39999999997,-511532.7000000002,
2023-10,4849951.6,-330338.1999999998,-454248.8999999999,
2023-11,5151526.5,-210484.4000000002,-754956.4000000001,
2023-12,8514493.0,-1991316.1000000006,-2400352.900000001,
2024-01,4739148.600000001,2010745.5000000005,518407.6000000004,
2024-02,5085317.602248,1232524.4977519996,338112.39775199984,
2024-03,5496594.499999999,625034.1000000015,276638.2000000015,6121628.600000001
2024-04,6527252.900000001,264951.5999999987,17408.799999998708,6792204.5
2024-05,6871919.3,2332205.3999999994,1183570.9999999995,9204124.7
2024-06,7693924.699999999,488568.8,238188.8,8182493.5
2024-07,8425495.4,908252.5,-600957.2999999998,9333747.9
2024-08,7848806.9,899660.0,3530.5,8748466.899999999
2024-09,8297767.899999999,816447.1000000006,466630.70000000054,9114215.0
2024-10,8611393.100000001,746920.5,523398.0,9358313.600000001
2024-11,8227753.699999999,1381545.4000000004,357162.2000000003,9609299.1
2024-12,11172166.7,-1301045.7999999989,-1557305.2999999989,9871120.9
2025-01,8665626.5,2434865.3000000007,599753.2000000007,11100491.8
2025-02,8555852.7,1176915.3000000007,310726.20000000077,9732768.0
2025-03,8731281.600000001,745339.4999999981,398909.2999999981,9476621.1
2025-04,9500569.299999999,845949.1000000015,572341.0,10346518.4
2025-05,9677212.8,1696917.4000000004,662122.9000000005,11374130.200000001
2025-06,10792690.0,790532.9,551234.2,11583222.900000002
2025-07,11356488.600000001,1749385.5,-168515.2000000002,13105874.100000001
2025-08,9809204.0,1556864.0,390300.49999999977,11366068.0
2025-09,10937656.100000001,696965.0999999996,309623.3999999997,11634621.200000001
2025-10,11163268.300000003,823924.8,517671.7,11987193.100000003
2025-11,9274640.899999999,2128009.4000000022,599953.8000000021,11402650.3
2025-12,14945320.3,-2876449.5999999996,-3290301.8999999994,12068870.700000001
2026-01,11391520.3,3125737.3000000007,1105159.0000000007,14517257.600000001
2026-02,10382371.8,1410639.6999999993,144421.29999999935,11793011.5
2026-03,10911082.8,930284.0999999978,484789.09999999776,11841366.899999999
2026-04,12778943.200000001,632844.0999999996,268102.89999999956,13411787.3
2026-05,12607290.200000003,1924366.8999999966,478613.19999999646,14531657.1
2026-06,14857698.5,-696842.9,-1024891.3999999985,14160855.600000001
2026-07,14132041.0,2960332.6999999993,244897.09999999963,17092373.7
